sku_id,ds,yhat,qty_total,revenue
598294111,2025-05-26,0.5134792107850203,0,0.0
598294111,2025-06-02,1.3185239648042137,0,0.0
598294111,2025-06-09,1.8772089074587077,0,0.0
598294111,2025-06-16,1.8441386098979509,0,0.0
598302302,2025-05-26,0.010975799441737188,0,0.0
598302302,2025-06-02,0.03472987383410936,0,0.0
598302302,2025-06-09,0.007413297863852312,0,0.0
598302302,2025-06-16,-0.03481322030737716,0,0.0
599653937,2025-05-26,-0.3473181414702413,0,0.0
599653937,2025-06-02,0.17442231664944785,0,0.0
599653937,2025-06-09,1.6580175563761745,0,0.0
599653937,2025-06-16,3.1120946915619445,0,0.0
599703217,2025-05-26,2.6329713716366507,0,0.0
599703217,2025-06-02,4.079841978873992,0,0.0
599703217,2025-06-09,5.157237486639979,0,0.0
599703217,2025-06-16,5.694137678682427,0,0.0
746436995,2025-05-26,-0.31777238869080937,0,0.0
746436995,2025-06-02,-0.3739665965551437,0,0.0
746436995,2025-06-09,-0.37029414275341616,0,0.0
746436995,2025-06-16,-0.3371223767484205,0,0.0
2709580011,2025-05-26,2.0534857913253726,0,0.0
2709580011,2025-06-02,2.2727521191981195,0,0.0
2709580011,2025-06-09,2.2640442880593983,0,0.0
2709580011,2025-06-16,2.033247362711717,0,0.0
2709580215,2025-05-26,1.187344745084023,0,0.0
2709580215,2025-06-02,0.9611617728784365,0,0.0
2709580215,2025-06-09,0.6127479986613378,0,0.0
2709580215,2025-06-16,0.5459656359555014,0,0.0
2787887686,2025-05-26,1.0418867352777896,0,0.0
2787887686,2025-06-02,2.2538720710499387,0,0.0
2787887686,2025-06-09,2.2620825075973174,0,0.0
2787887686,2025-06-16,1.1341543463757677,0,0.0
3022776581,2025-05-26,0.3626519406191052,0,0.0
3022776581,2025-06-02,0.18612535839846173,0,0.0
3022776581,2025-06-09,0.027841657873899285,0,0.0
3022776581,2025-06-16,0.054554145733610455,0,0.0
3022776731,2025-05-26,-0.06584617935911463,0,0.0
3022776731,2025-06-02,-0.037853747616014566,0,0.0
3022776731,2025-06-09,-0.04623117149075229,0,0.0
3022776731,2025-06-16,-0.1471275646302257,0,0.0
3238598023,2025-05-26,0.2450959664729363,0,0.0
3238598023,2025-06-02,0.18971561148357619,0,0.0
3238598023,2025-06-09,0.031437275769173295,0,0.0
3238598023,2025-06-16,0.018030818828524406,0,0.0
3252722291,2025-05-26,0.01840435447135172,0,0.0
3252722291,2025-06-02,0.02415261188532447,0,0.0
3252722291,2025-06-09,0.009664929418400692,0,0.0
3252722291,2025-06-16,-0.018228474868616937,0,0.0
3576081009,2025-05-26,-0.05224680199002249,0,0.0
3576081009,2025-06-02,-0.10519778617749574,0,0.0
3576081009,2025-06-09,-0.127745743244883,0,0.0
3576081009,2025-06-16,-0.07758199676692341,0,0.0
3577564803,2025-05-26,4.10103680061306,0,0.0
3577564803,2025-06-02,4.18149333773483,0,0.0
3577564803,2025-06-09,3.9294404601238933,0,0.0
3577564803,2025-06-16,3.6904175899759455,0,0.0
3691275758,2025-05-26,0.21958019352422525,0,0.0
3691275758,2025-06-02,0.15855527214317874,0,0.0
3691275758,2025-06-09,-0.018671497166593026,0,0.0
3691275758,2025-06-16,-0.1346894712728543,0,0.0
3692477582,2025-05-26,0.06947976398671551,0,0.0
3692477582,2025-06-02,0.3018168352453934,0,0.0
3692477582,2025-06-09,0.4079917343612632,0,0.0
3692477582,2025-06-16,0.3088693730353935,0,0.0
3867746102,2025-05-26,0.13909047323926563,0,0.0
3867746102,2025-06-02,0.24690568616306258,0,0.0
3867746102,2025-06-09,0.2631258455963519,0,0.0
3867746102,2025-06-16,0.1910486668626812,0,0.0
3880204628,2025-05-26,0.02661016086786757,0,0.0
3880204628,2025-06-02,0.02020091407523307,0,0.0
3880204628,2025-06-09,0.004241213851162759,0,0.0
3880204628,2025-06-16,-0.003935955376489872,0,0.0
3926767355,2025-05-26,0.048922912473251805,0,0.0
3926767355,2025-06-02,0.04357867606546978,0,0.0
3926767355,2025-06-09,-0.008518680959054455,0,0.0
3926767355,2025-06-16,-0.04178666579318922,0,0.0
4079053893,2025-05-26,0.16822147042464253,0,0.0
4079053893,2025-06-02,0.22278189703231666,0,0.0
4079053893,2025-06-09,0.32114680480160557,0,0.0
4079053893,2025-06-16,0.46411532789558907,0,0.0
4166277217,2025-05-26,4.4903520921624205,0,0.0
4166277217,2025-06-02,5.685706856631665,0,0.0
4166277217,2025-06-09,6.106922776201584,0,0.0
4166277217,2025-06-16,5.3270639214511935,0,0.0
4203509252,2025-05-26,0.8640991968105081,0,0.0
4203509252,2025-06-02,0.980055797650965,0,0.0
4203509252,2025-06-09,0.9151947676629125,0,0.0
4203509252,2025-06-16,0.8100537705379101,0,0.0
4233243369,2025-05-26,3.148845674308455,0,0.0
4233243369,2025-06-02,0.9354343511092307,0,0.0
4233243369,2025-06-09,-0.5557552937698126,0,0.0
4233243369,2025-06-16,-0.5563849310275031,0,0.0
4244979510,2025-05-26,1.0825586717878584,0,0.0
4244979510,2025-06-02,0.6586549062527884,0,0.0
4244979510,2025-06-09,-0.16098963558418844,0,0.0
4244979510,2025-06-16,-0.8548045411820151,0,0.0
4293110694,2025-05-26,0.021899867099094063,0,0.0
4293110694,2025-06-02,0.012076571874162938,0,0.0
4293110694,2025-06-09,0.012365333219708258,0,0.0
4293110694,2025-06-16,0.02298508733283428,0,0.0
4299736790,2025-05-26,0.17701189118306876,0,0.0
4299736790,2025-06-02,0.22184827761824066,0,0.0
4299736790,2025-06-09,0.1708725728825229,0,0.0
4299736790,2025-06-16,0.09916886546036971,0,0.0
4299740219,2025-05-26,3.6328847450641257,0,0.0
4299740219,2025-06-02,5.102550162034098,0,0.0
4299740219,2025-06-09,5.511294952603548,0,0.0
4299740219,2025-06-16,5.030147076151286,0,0.0
4391268112,2025-05-26,0.17578519353448196,0,0.0
4391268112,2025-06-02,0.19460683504504886,0,0.0
4391268112,2025-06-09,0.22289867170277905,0,0.0
4391268112,2025-06-16,0.2359591274094506,0,0.0
4396560443,2025-05-26,0.13788217258029517,0,0.0
4396560443,2025-06-02,0.17323349509629343,0,0.0
4396560443,2025-06-09,0.4458677455609009,0,0.0
4396560443,2025-06-16,0.6347880531624125,0,0.0
4475480724,2025-05-26,1.8116184835193443,0,0.0
4475480724,2025-06-02,1.9054643671298361,0,0.0
4475480724,2025-06-09,2.03636710855203,0,0.0
4475480724,2025-06-16,2.173291383859545,0,0.0
4475481627,2025-05-26,0.4784063254476263,0,0.0
4475481627,2025-06-02,0.5239707621090566,0,0.0
4475481627,2025-06-09,0.5550209808293407,0,0.0
4475481627,2025-06-16,0.5654940035848431,0,0.0
4475482043,2025-05-26,0.03053203260872364,0,0.0
4475482043,2025-06-02,0.038253733542479976,0,0.0
4475482043,2025-06-09,0.056837859042821,0,0.0
4475482043,2025-06-16,0.06364772966620036,0,0.0
4486038235,2025-05-26,0.3523733198051881,0,0.0
4486038235,2025-06-02,0.4240931867525938,0,0.0
4486038235,2025-06-09,0.4032217759010396,0,0.0
4486038235,2025-06-16,0.34091531630705285,0,0.0
4486038328,2025-05-26,0.1829567921638609,0,0.0
4486038328,2025-06-02,0.17102783691140203,0,0.0
4486038328,2025-06-09,0.16668690539690476,0,0.0
4486038328,2025-06-16,0.18533788660657471,0,0.0
4486038387,2025-05-26,0.21591508215002234,0,0.0
4486038387,2025-06-02,0.231908573651318,0,0.0
4486038387,2025-06-09,0.256140178901642,0,0.0
4486038387,2025-06-16,0.274264088221917,0,0.0
4636511797,2025-05-26,0.823839978280618,0,0.0
4636511797,2025-06-02,0.9939210991920974,0,0.0
4636511797,2025-06-09,1.0867715254589227,0,0.0
4636511797,2025-06-16,1.0419482346011009,0,0.0
4709870548,2025-05-26,0.2375985490872169,0,0.0
4709870548,2025-06-02,0.3525228136576988,0,0.0
4709870548,2025-06-09,0.39142182151569227,0,0.0
4709870548,2025-06-16,0.3231830791008514,0,0.0
4723833696,2025-05-26,0.5172536924107032,0,0.0
4723833696,2025-06-02,2.812291005165634,0,0.0
4723833696,2025-06-09,4.359269905403009,0,0.0
4723833696,2025-06-16,3.968163449372652,0,0.0
4723910471,2025-05-26,0.6009951388844472,0,0.0
4723910471,2025-06-02,0.9970068094253115,0,0.0
4723910471,2025-06-09,1.4079560282357706,0,0.0
4723910471,2025-06-16,1.41709691540991,0,0.0
4723938440,2025-05-26,0.5448969119495057,0,0.0
4723938440,2025-06-02,1.3878827849239412,0,0.0
4723938440,2025-06-09,2.0978156464045767,0,0.0
4723938440,2025-06-16,2.79967066550404,0,0.0
4724133655,2025-05-26,-0.43874113423605987,0,0.0
4724133655,2025-06-02,-0.43655019252777993,0,0.0
4724133655,2025-06-09,-0.5811310192143688,0,0.0
4724133655,2025-06-16,-0.7679281879349729,0,0.0
4727839041,2025-05-26,0.010212982389716393,0,0.0
4727839041,2025-06-02,0.012555704390531441,0,0.0
4727839041,2025-06-09,0.02446566436953708,0,0.0
4727839041,2025-06-16,0.03118638428585634,0,0.0
4844412140,2025-05-26,0.021899867099094063,0,0.0
4844412140,2025-06-02,0.012076571874162938,0,0.0
4844412140,2025-06-09,0.012365333219708258,0,0.0
4844412140,2025-06-16,0.02298508733283428,0,0.0
5982960035,2025-05-26,-3.8574263912940276,0,0.0
5982960035,2025-06-02,-5.84353438530227,0,0.0
5982960035,2025-06-09,-0.3973155617394033,0,0.0
5982960035,2025-06-16,10.293503504916309,0,0.0
5996489657,2025-05-26,0.014242424881822213,0,0.0
5996489657,2025-06-02,0.02919442821434246,0,0.0
5996489657,2025-06-09,-0.030097213911260152,0,0.0
5996489657,2025-06-16,-0.09782512636627078,0,0.0
5996490387,2025-05-26,0.19009313616940837,0,0.0
5996490387,2025-06-02,-0.08107288456903348,0,0.0
5996490387,2025-06-09,-0.14496508635840258,0,0.0
5996490387,2025-06-16,0.1736898808916834,0,0.0
5996537271,2025-05-26,0.07900087629879848,0,0.0
5996537271,2025-06-02,0.018626638626672798,0,0.0
5996537271,2025-06-09,-0.11137386999260412,0,0.0
5996537271,2025-06-16,-0.16502970814047335,0,0.0
5996540711,2025-05-26,-0.6973137721945493,0,0.0
5996540711,2025-06-02,-0.218803726280681,0,0.0
5996540711,2025-06-09,0.47835600495679054,0,0.0
5996540711,2025-06-16,0.9133883363835087,0,0.0
5996552646,2025-05-26,0.7145756408162729,0,0.0
5996552646,2025-06-02,1.6398045172182807,0,0.0
5996552646,2025-06-09,2.359464450092024,0,0.0
5996552646,2025-06-16,2.4396000437487846,0,0.0
5996815882,2025-05-26,0.28332671621106414,0,0.0
5996815882,2025-06-02,0.37858659871127553,0,0.0
5996815882,2025-06-09,0.29070470260196396,0,0.0
5996815882,2025-06-16,0.11137212301280139,0,0.0
5996820047,2025-05-26,0.19251429332912862,0,0.0
5996820047,2025-06-02,0.21557377102257932,0,0.0
5996820047,2025-06-09,-0.1522735834598984,0,0.0
5996820047,2025-06-16,-0.43280271890563404,0,0.0
5996899120,2025-05-26,-0.08091652141914638,0,0.0
5996899120,2025-06-02,-0.08065782360171214,0,0.0
5996899120,2025-06-09,-0.08292096225101762,0,0.0
5996899120,2025-06-16,-0.07759182177104153,0,0.0
5996932035,2025-05-26,-0.002920723560562789,0,0.0
5996932035,2025-06-02,0.0009945431127920748,0,0.0
5996932035,2025-06-09,0.006887114612381319,0,0.0
5996932035,2025-06-16,0.007649775211850625,0,0.0
5996937634,2025-05-26,-0.13412563532713395,0,0.0
5996937634,2025-06-02,-0.0780029663166607,0,0.0
5996937634,2025-06-09,0.062257153019956935,0,0.0
5996937634,2025-06-16,0.1811954204206403,0,0.0
5996941129,2025-05-26,0.15864004691161737,0,0.0
5996941129,2025-06-02,0.22964704499279565,0,0.0
5996941129,2025-06-09,0.1793398076824358,0,0.0
5996941129,2025-06-16,0.013378554320607305,0,0.0
7405700714,2025-05-26,-0.5319547509285419,0,0.0
7405700714,2025-06-02,-0.20340897123309704,0,0.0
7405700714,2025-06-09,0.948427119901841,0,0.0
7405700714,2025-06-16,2.14252812536287,0,0.0
9629394497,2025-05-26,-2.2361078182179615,0,0.0
9629394497,2025-06-02,-2.520557508393799,0,0.0
9629394497,2025-06-09,-2.693103919375676,0,0.0
9629394497,2025-06-16,-3.0408959903121797,0,0.0
15766844963,2025-05-26,-1.1465296720767013,0,0.0
15766844963,2025-06-02,-1.4850752695810474,0,0.0
15766844963,2025-06-09,-1.366311304617497,0,0.0
15766844963,2025-06-16,-1.0861223857144031,0,0.0
20377431146,2025-05-26,-0.004614340704949895,0,0.0
20377431146,2025-06-02,-0.06168748181798937,0,0.0
20377431146,2025-06-09,0.0008842084818023524,0,0.0
20377431146,2025-06-16,0.1266568286015749,0,0.0
24738070995,2025-05-26,0.43747868771005866,0,0.0
24738070995,2025-06-02,0.4825073591933843,0,0.0
24738070995,2025-06-09,0.3409078898384502,0,0.0
24738070995,2025-06-16,0.15727418105691227,0,0.0
24738579136,2025-05-26,0.44695750968781944,0,0.0
24738579136,2025-06-02,0.43866946102287185,0,0.0
24738579136,2025-06-09,0.4689347514098848,0,0.0
24738579136,2025-06-16,0.4899479302483228,0,0.0
25223257610,2025-05-26,0.1542631806376485,0,0.0
25223257610,2025-06-02,0.10585321981832554,0,0.0
25223257610,2025-06-09,0.07985290868586917,0,0.0
25223257610,2025-06-16,0.05798572544181271,0,0.0
25223743696,2025-05-26,-0.18969704816675406,0,0.0
25223743696,2025-06-02,-0.24147926339931558,0,0.0
25223743696,2025-06-09,-0.10179217125607176,0,0.0
25223743696,2025-06-16,0.07949151566004867,0,0.0
25223744190,2025-05-26,-0.041296488107520915,0,0.0
25223744190,2025-06-02,0.1605830326826219,0,0.0
25223744190,2025-06-09,0.34465669255169673,0,0.0
25223744190,2025-06-16,0.3610064562919898,0,0.0
25671218131,2025-05-26,0.19905020009529195,0,0.0
25671218131,2025-06-02,0.21128740183596728,0,0.0
25671218131,2025-06-09,0.03221279714827574,0,0.0
25671218131,2025-06-16,-0.20553602922050018,0,0.0
25671218642,2025-05-26,0.7294577944914633,0,0.0
25671218642,2025-06-02,0.38903865946941574,0,0.0
25671218642,2025-06-09,-0.10718838729479963,0,0.0
25671218642,2025-06-16,-0.3358247825520002,0,0.0
27095798175,2025-05-26,0.06447744863997418,0,0.0
27095798175,2025-06-02,0.07307993336412011,0,0.0
27095798175,2025-06-09,-0.004310541589189754,0,0.0
27095798175,2025-06-16,0.029813150427889568,0,0.0
27095801676,2025-05-26,-0.24731087668371915,0,0.0
27095801676,2025-06-02,0.16598796810486816,0,0.0
27095801676,2025-06-09,0.20209433770333324,0,0.0
27095801676,2025-06-16,-0.0902782910374087,0,0.0
27095803613,2025-05-26,0.8137273156984591,0,0.0
27095803613,2025-06-02,0.8256326684475879,0,0.0
27095803613,2025-06-09,0.5172860367883441,0,0.0
27095803613,2025-06-16,0.1193326853017406,0,0.0
27095804199,2025-05-26,0.5435337475517521,0,0.0
27095804199,2025-06-02,0.6739421868620372,0,0.0
27095804199,2025-06-09,0.5315216590210561,0,0.0
27095804199,2025-06-16,0.3593667439783676,0,0.0
27095805681,2025-05-26,1.4807515608565596,0,0.0
27095805681,2025-06-02,1.3221308915522838,0,0.0
27095805681,2025-06-09,1.2306658042405816,0,0.0
27095805681,2025-06-16,1.4323294008899992,0,0.0
27095807110,2025-05-26,0.7369383144310171,0,0.0
27095807110,2025-06-02,0.6046299738271652,0,0.0
27095807110,2025-06-09,0.40007278309126537,0,0.0
27095807110,2025-06-16,0.3716254449175893,0,0.0
27095807671,2025-05-26,2.5240357471003554,0,0.0
27095807671,2025-06-02,3.0129015625642133,0,0.0
27095807671,2025-06-09,2.3391040653438657,0,0.0
27095807671,2025-06-16,1.6539058421096382,0,0.0
27095808173,2025-05-26,0.5585754775011216,0,0.0
27095808173,2025-06-02,0.9225886688857527,0,0.0
27095808173,2025-06-09,0.9630841975411996,0,0.0
27095808173,2025-06-16,0.6867569436832079,0,0.0
27095808692,2025-05-26,0.24146497097355635,0,0.0
27095808692,2025-06-02,-0.008244893128249942,0,0.0
27095808692,2025-06-09,-0.21327504736044745,0,0.0
27095808692,2025-06-16,-0.2165976512119272,0,0.0
27095809660,2025-05-26,0.5637455429048672,0,0.0
27095809660,2025-06-02,1.3141331386575876,0,0.0
27095809660,2025-06-09,1.8181757093304731,0,0.0
27095809660,2025-06-16,1.7376114978664459,0,0.0
27095810173,2025-05-26,1.4620136615250345,0,0.0
27095810173,2025-06-02,2.9713854090128207,0,0.0
27095810173,2025-06-09,3.6095742524559653,0,0.0
27095810173,2025-06-16,2.659026371190637,0,0.0
27095810673,2025-05-26,3.7398267008749193,0,0.0
27095810673,2025-06-02,4.604132453436214,0,0.0
27095810673,2025-06-09,5.101233435205214,0,0.0
27095810673,2025-06-16,5.330227017550843,0,0.0
27095811177,2025-05-26,0.5473206127707726,0,0.0
27095811177,2025-06-02,0.6391015076560113,0,0.0
27095811177,2025-06-09,0.4699694250395965,0,0.0
27095811177,2025-06-16,0.2293972822803368,0,0.0
27095812646,2025-05-26,0.26183618443321455,0,0.0
27095812646,2025-06-02,0.3322689177749614,0,0.0
27095812646,2025-06-09,0.48993905205410265,0,0.0
27095812646,2025-06-16,0.5390674898607125,0,0.0
27095813697,2025-05-26,0.010890449548909331,0,0.0
27095813697,2025-06-02,-0.04767494280561779,0,0.0
27095813697,2025-06-09,-0.24893373386008838,0,0.0
27095813697,2025-06-16,-0.31890399763863597,0,0.0
27095814149,2025-05-26,-0.08147014175483047,0,0.0
27095814149,2025-06-02,-0.038337017920731964,0,0.0
27095814149,2025-06-09,0.06403897663888802,0,0.0
27095814149,2025-06-16,0.12948775003565294,0,0.0
27878669323,2025-05-26,0.9270059489119447,0,0.0
27878669323,2025-06-02,1.384745684086438,0,0.0
27878669323,2025-06-09,1.8657951038710734,0,0.0
27878669323,2025-06-16,2.0029736505754974,0,0.0
27878726372,2025-05-26,0.434860708902707,0,0.0
27878726372,2025-06-02,0.9485450125509861,0,0.0
27878726372,2025-06-09,1.098875586979978,0,0.0
27878726372,2025-06-16,0.6865272280121755,0,0.0
28809186837,2025-05-26,1.2056072455433318,0,0.0
28809186837,2025-06-02,1.6495437893740346,0,0.0
28809186837,2025-06-09,1.7426271521040428,0,0.0
28809186837,2025-06-16,1.4131504297444646,0,0.0
28809187395,2025-05-26,0.5015954680216923,0,0.0
28809187395,2025-06-02,0.7038005551309928,0,0.0
28809187395,2025-06-09,0.6496067317740398,0,0.0
28809187395,2025-06-16,0.4028354389735074,0,0.0
28809187852,2025-05-26,0.12334674468544266,0,0.0
28809187852,2025-06-02,0.014075284275148085,0,0.0
28809187852,2025-06-09,-0.12226252260906531,0,0.0
28809187852,2025-06-16,-0.03550047973528893,0,0.0
28809207396,2025-05-26,0.43103356502288875,0,0.0
28809207396,2025-06-02,-0.018232899688412768,0,0.0
28809207396,2025-06-09,-0.29524391005058337,0,0.0
28809207396,2025-06-16,0.04560852433815851,0,0.0
28809212359,2025-05-26,0.74322521776392,0,0.0
28809212359,2025-06-02,0.5344033402792949,0,0.0
28809212359,2025-06-09,0.363368717525274,0,0.0
28809212359,2025-06-16,0.49936222324710355,0,0.0
28809285342,2025-05-26,0.4480985201927903,0,0.0
28809285342,2025-06-02,0.05607507660527564,0,0.0
28809285342,2025-06-09,-0.056258132753075035,0,0.0
28809285342,2025-06-16,0.27298979757494934,0,0.0
28809472364,2025-05-26,0.3140448173369705,0,0.0
28809472364,2025-06-02,0.24331748535821238,0,0.0
28809472364,2025-06-09,0.0862660982432946,0,0.0
28809472364,2025-06-16,-0.04765937032156549,0,0.0
28809487326,2025-05-26,0.061212425305807845,0,0.0
28809487326,2025-06-02,0.15104567580208994,0,0.0
28809487326,2025-06-09,0.14240575484274337,0,0.0
28809487326,2025-06-16,0.019134129919673712,0,0.0
28809487836,2025-05-26,0.1404896588368113,0,0.0
28809487836,2025-06-02,0.10444906465124895,0,0.0
28809487836,2025-06-09,0.05399912825017848,0,0.0
28809487836,2025-06-16,0.047097736832496864,0,0.0
28809488890,2025-05-26,0.06734246520282883,0,0.0
28809488890,2025-06-02,0.057765037656626606,0,0.0
28809488890,2025-06-09,0.010555272338416754,0,0.0
28809488890,2025-06-16,-0.04065668390263723,0,0.0
28809489369,2025-05-26,0.37023106235700765,0,0.0
28809489369,2025-06-02,0.1968968897559516,0,0.0
28809489369,2025-06-09,0.09073941579813016,0,0.0
28809489369,2025-06-16,0.15534532385115707,0,0.0
28809490329,2025-05-26,-0.4915719087192822,0,0.0
28809490329,2025-06-02,-0.6611568495209357,0,0.0
28809490329,2025-06-09,-0.7468430321847895,0,0.0
28809490329,2025-06-16,-0.6218160277145248,0,0.0
30181290347,2025-05-26,-0.03489978304150171,0,0.0
30181290347,2025-06-02,0.3071533453027648,0,0.0
30181290347,2025-06-09,0.5315229771837773,0,0.0
30181290347,2025-06-16,0.43111354306974614,0,0.0
30182210325,2025-05-26,-0.09115397047718804,0,0.0
30182210325,2025-06-02,-0.06434961979691292,0,0.0
30182210325,2025-06-09,-0.16526778936746972,0,0.0
30182210325,2025-06-16,-0.2786968245672875,0,0.0
30227761388,2025-05-26,-0.12081865136753456,0,0.0
30227761388,2025-06-02,-0.07943241910794319,0,0.0
30227761388,2025-06-09,0.015284731311669408,0,0.0
30227761388,2025-06-16,0.09398065895279184,0,0.0
30227761828,2025-05-26,-0.6076459024470451,0,0.0
30227761828,2025-06-02,-0.7747366193254568,0,0.0
30227761828,2025-06-09,-0.563069924940699,0,0.0
30227761828,2025-06-16,-0.27483118944013785,0,0.0
30227763865,2025-05-26,0.5921443550261913,0,0.0
30227763865,2025-06-02,0.7056389732152162,0,0.0
30227763865,2025-06-09,0.6343902000266364,0,0.0
30227763865,2025-06-16,0.5535536631878001,0,0.0
30227764388,2025-05-26,0.013752789776959751,0,0.0
30227764388,2025-06-02,-0.000781417217975082,0,0.0
30227764388,2025-06-09,-0.01445843820840384,0,0.0
30227764388,2025-06-16,0.01984330118446036,0,0.0
30227765347,2025-05-26,-0.08173216706888942,0,0.0
30227765347,2025-06-02,-0.03554780424941767,0,0.0
30227765347,2025-06-09,-0.014664046483835208,0,0.0
30227765347,2025-06-16,-0.061684604034060085,0,0.0
30227766812,2025-05-26,0.7038911413273732,0,0.0
30227766812,2025-06-02,0.7663571375088676,0,0.0
30227766812,2025-06-09,0.592441142051374,0,0.0
30227766812,2025-06-16,0.25227826865861536,0,0.0
30227767831,2025-05-26,0.12741240902168371,0,0.0
30227767831,2025-06-02,0.08586895144845075,0,0.0
30227767831,2025-06-09,-0.1041114194407653,0,0.0
30227767831,2025-06-16,-0.20218595730655542,0,0.0
30227768349,2025-05-26,0.9922447083686212,0,0.0
30227768349,2025-06-02,1.0073016162198107,0,0.0
30227768349,2025-06-09,0.8618194156558697,0,0.0
30227768349,2025-06-16,0.782573070290183,0,0.0
30227768888,2025-05-26,0.25813081136241955,0,0.0
30227768888,2025-06-02,0.33125239146155555,0,0.0
30227768888,2025-06-09,0.6089885322470354,0,0.0
30227768888,2025-06-16,0.7527467815729012,0,0.0
30227769326,2025-05-26,-0.31695699874387406,0,0.0
30227769326,2025-06-02,-0.46030200750168093,0,0.0
30227769326,2025-06-09,-0.6145359755059537,0,0.0
30227769326,2025-06-16,-0.6570483590842311,0,0.0
30227769849,2025-05-26,0.045000725530006,0,0.0
30227769849,2025-06-02,-0.04955779253005799,0,0.0
30227769849,2025-06-09,-0.11213487891444929,0,0.0
30227769849,2025-06-16,-0.08270187617471414,0,0.0
30323747828,2025-05-26,-0.02949033922666102,0,0.0
30323747828,2025-06-02,-0.07341788873883044,0,0.0
30323747828,2025-06-09,-0.13378483860609466,0,0.0
30323747828,2025-06-16,-0.12336014898623879,0,0.0
30323761316,2025-05-26,0.0340920265253081,0,0.0
30323761316,2025-06-02,0.04621017733374283,0,0.0
30323761316,2025-06-09,-0.03127326589570713,0,0.0
30323761316,2025-06-16,-0.1080791707501288,0,0.0
30323764884,2025-05-26,-0.13022800105584864,0,0.0
30323764884,2025-06-02,-0.3096728793265209,0,0.0
30323764884,2025-06-09,-0.27274220826858164,0,0.0
30323764884,2025-06-16,-0.10035538141221248,0,0.0
31260538389,2025-05-26,-0.002041323929474889,0,0.0
31260538389,2025-06-02,-0.022161385361586624,0,0.0
31260538389,2025-06-09,-0.03111468136500639,0,0.0
31260538389,2025-06-16,-0.02672110258604954,0,0.0
31260608522,2025-05-26,0.019198418756839128,0,0.0
31260608522,2025-06-02,0.044424862479874504,0,0.0
31260608522,2025-06-09,0.0829571976001848,0,0.0
31260608522,2025-06-16,0.13388291605686345,0,0.0
31298226737,2025-05-26,-0.02391523253940998,0,0.0
31298226737,2025-06-02,0.041312949443132685,0,0.0
31298226737,2025-06-09,-0.03996005472123529,0,0.0
31298226737,2025-06-16,-0.18106361843069538,0,0.0
31299041897,2025-05-26,0.11234811263988027,0,0.0
31299041897,2025-06-02,0.2648242088807502,0,0.0
31299041897,2025-06-09,0.3218515164764919,0,0.0
31299041897,2025-06-16,0.2389544771318482,0,0.0
31305483427,2025-05-26,-0.22728962626643728,0,0.0
31305483427,2025-06-02,-0.12007338482543184,0,0.0
31305483427,2025-06-09,0.09640698137517723,0,0.0
31305483427,2025-06-16,0.29564639659238506,0,0.0
31306190523,2025-05-26,-0.170278540531018,0,0.0
31306190523,2025-06-02,-0.2636332934796713,0,0.0
31306190523,2025-06-09,-0.26833361237598574,0,0.0
31306190523,2025-06-16,-0.21310203733721925,0,0.0
31315209729,2025-05-26,-0.8071713988303078,0,0.0
31315209729,2025-06-02,-0.9659340532786561,0,0.0
31315209729,2025-06-09,-0.9412964685210439,0,0.0
31315209729,2025-06-16,-0.7923162183958534,0,0.0
31376582820,2025-05-26,0.1582283861900956,0,0.0
31376582820,2025-06-02,0.15138131101875887,0,0.0
31376582820,2025-06-09,0.0762354968958632,0,0.0
31376582820,2025-06-16,-0.010742927686144876,0,0.0
31376614032,2025-05-26,0.1265679238373294,0,0.0
31376614032,2025-06-02,0.0949243434614164,0,0.0
31376614032,2025-06-09,0.15090977637226358,0,0.0
31376614032,2025-06-16,0.24174777237989203,0,0.0
31603725134,2025-05-26,0.4705995355456184,0,0.0
31603725134,2025-06-02,1.579300715040038,0,0.0
31603725134,2025-06-09,1.920676434519708,0,0.0
31603725134,2025-06-16,0.9776178134733378,0,0.0
31698186711,2025-05-26,0.09610321853874226,0,0.0
31698186711,2025-06-02,0.07385668145859095,0,0.0
31698186711,2025-06-09,-0.07031110514727928,0,0.0
31698186711,2025-06-16,-0.11080908314950291,0,0.0
32527221461,2025-05-26,-0.06843374917838829,0,0.0
32527221461,2025-06-02,-0.02473848363309863,0,0.0
32527221461,2025-06-09,0.1226478074115933,0,0.0
32527221461,2025-06-16,0.24688526808131678,0,0.0
32527222047,2025-05-26,2.835133189364692,0,0.0
32527222047,2025-06-02,2.952134784448609,0,0.0
32527222047,2025-06-09,3.362288507114087,0,0.0
32527222047,2025-06-16,4.360774940086094,0,0.0
32527222347,2025-05-26,1.1053151384872353,0,0.0
32527222347,2025-06-02,1.5332629395749333,0,0.0
32527222347,2025-06-09,1.3948388384953319,0,0.0
32527222347,2025-06-16,0.8924825241491795,0,0.0
32643461542,2025-05-26,-0.32753354745947916,0,0.0
32643461542,2025-06-02,-0.48041033280056994,0,0.0
32643461542,2025-06-09,-0.4820470186566892,0,0.0
32643461542,2025-06-16,-0.39186484199093047,0,0.0
32644385273,2025-05-26,0.15430554471124652,0,0.0
32644385273,2025-06-02,0.5246977168665488,0,0.0
32644385273,2025-06-09,0.7812561918797645,0,0.0
32644385273,2025-06-16,0.7004997267944688,0,0.0
32644501966,2025-05-26,0.41963702924397034,0,0.0
32644501966,2025-06-02,0.12340597816701512,0,0.0
32644501966,2025-06-09,-0.1643490401282367,0,0.0
32644501966,2025-06-16,-0.3419414025253079,0,0.0
32644518750,2025-05-26,0.4782452962548871,0,0.0
32644518750,2025-06-02,1.4228486788452337,0,0.0
32644518750,2025-06-09,2.3938445311003544,0,0.0
32644518750,2025-06-16,2.7176827057416904,0,0.0
32746043597,2025-05-26,0.45118050716506836,0,0.0
32746043597,2025-06-02,0.5473057039282191,0,0.0
32746043597,2025-06-09,0.48029945813123154,0,0.0
32746043597,2025-06-16,0.3159567284101412,0,0.0
32812905448,2025-05-26,-0.18411906870652878,0,0.0
32812905448,2025-06-02,-0.3211486798893878,0,0.0
32812905448,2025-06-09,-0.36012342713626383,0,0.0
32812905448,2025-06-16,-0.30091336680992065,0,0.0
32815784212,2025-05-26,-0.022761658100296053,0,0.0
32815784212,2025-06-02,-0.02750184617659325,0,0.0
32815784212,2025-06-09,-0.041879369060745845,0,0.0
32815784212,2025-06-16,-0.05157739191799926,0,0.0
33252040650,2025-05-26,-0.3228655380101637,0,0.0
33252040650,2025-06-02,-0.42552151543286,0,0.0
33252040650,2025-06-09,-0.4220036820989965,0,0.0
33252040650,2025-06-16,-0.36433672195957234,0,0.0
33258093744,2025-05-26,-0.3350440518957707,0,0.0
33258093744,2025-06-02,-0.607108155343155,0,0.0
33258093744,2025-06-09,-0.6654611022642176,0,0.0
33258093744,2025-06-16,-0.3880471218705863,0,0.0
33258116228,2025-05-26,-0.16099638925058846,0,0.0
33258116228,2025-06-02,0.25163622677952224,0,0.0
33258116228,2025-06-09,0.5581506253663695,0,0.0
33258116228,2025-06-16,0.575918380751966,0,0.0
33258136093,2025-05-26,-0.3397116565449845,0,0.0
33258136093,2025-06-02,-0.33286534256220246,0,0.0
33258136093,2025-06-09,-0.1007340496934036,0,0.0
33258136093,2025-06-16,0.0754999682017341,0,0.0
33300624449,2025-05-26,-0.5142645547403414,0,0.0
33300624449,2025-06-02,0.03833889579316141,0,0.0
33300624449,2025-06-09,0.8000254265041213,0,0.0
33300624449,2025-06-16,1.1047783112357936,0,0.0
33300985333,2025-05-26,0.25853058642027793,0,0.0
33300985333,2025-06-02,1.514598612790759,0,0.0
33300985333,2025-06-09,2.6419387866842303,0,0.0
33300985333,2025-06-16,2.733615969941181,0,0.0
33571814593,2025-05-26,-0.03248748157847198,0,0.0
33571814593,2025-06-02,0.11704729334149,0,0.0
33571814593,2025-06-09,0.23244490431252965,0,0.0
33571814593,2025-06-16,0.19107554186307357,0,0.0
33750536246,2025-05-26,0.4827540052947562,0,0.0
33750536246,2025-06-02,0.7252397342683183,0,0.0
33750536246,2025-06-09,0.9485069606096177,0,0.0
33750536246,2025-06-16,0.9711020461093899,0,0.0
33750578247,2025-05-26,0.02861337225521149,0,0.0
33750578247,2025-06-02,0.00899762470367512,0,0.0
33750578247,2025-06-09,-0.07412582337650941,0,0.0
33750578247,2025-06-16,-0.11529834156595205,0,0.0
33750613973,2025-05-26,0.5618145240242928,0,0.0
33750613973,2025-06-02,0.5567143571611805,0,0.0
33750613973,2025-06-09,0.3037071139688479,0,0.0
33750613973,2025-06-16,0.10313450196298068,0,0.0
34126797120,2025-05-26,21.31385210137524,0,0.0
34126797120,2025-06-02,20.510400990319607,0,0.0
34126797120,2025-06-09,17.996671419510783,0,0.0
34126797120,2025-06-16,17.58616053673495,0,0.0
34126805261,2025-05-26,16.05503439722451,0,0.0
34126805261,2025-06-02,20.824616529523407,0,0.0
34126805261,2025-06-09,25.60826404060489,0,0.0
34126805261,2025-06-16,26.644229196030473,0,0.0
35281682198,2025-05-26,-0.016725494399606536,0,0.0
35281682198,2025-06-02,-0.01548449929330728,0,0.0
35281682198,2025-06-09,-0.004609567371712006,0,0.0
35281682198,2025-06-16,0.004046049550006973,0,0.0
35414490964,2025-05-26,6.908377872878424,0,0.0
35414490964,2025-06-02,8.286988373062512,0,0.0
35414490964,2025-06-09,8.682580915014277,0,0.0
35414490964,2025-06-16,7.95308620459531,0,0.0
35418350431,2025-05-26,1.736845937036742,0,0.0
35418350431,2025-06-02,2.382423149882567,0,0.0
35418350431,2025-06-09,2.30268883846396,0,0.0
35418350431,2025-06-16,1.6062165653175544,0,0.0
35760801349,2025-05-26,0.7407546324779472,0,0.0
35760801349,2025-06-02,0.922985394091417,0,0.0
35760801349,2025-06-09,1.5870920650668676,0,0.0
35760801349,2025-06-16,2.5304891767396094,0,0.0
35760801674,2025-05-26,2.2277788064082933,0,0.0
35760801674,2025-06-02,4.201051520883523,0,0.0
35760801674,2025-06-09,5.542456875487626,0,0.0
35760801674,2025-06-16,5.463560698664717,0,0.0
35760801996,2025-05-26,1.4962781016212219,0,0.0
35760801996,2025-06-02,1.797035628149189,0,0.0
35760801996,2025-06-09,2.088932608292158,0,0.0
35760801996,2025-06-16,2.181644876405463,0,0.0
35760802213,2025-05-26,1.9191109534468735,0,0.0
35760802213,2025-06-02,3.033453380585917,0,0.0
35760802213,2025-06-09,3.9495468111557273,0,0.0
35760802213,2025-06-16,4.121726403684105,0,0.0
35760802537,2025-05-26,-0.06629469415155974,0,0.0
35760802537,2025-06-02,0.005023393092179675,0,0.0
35760802537,2025-06-09,0.01266857055645812,0,0.0
35760802537,2025-06-16,-0.05606808901151192,0,0.0
35760802857,2025-05-26,0.12578218904141075,0,0.0
35760802857,2025-06-02,0.05448710570937823,0,0.0
35760802857,2025-06-09,0.043045895431142726,0,0.0
35760802857,2025-06-16,0.09069806172202222,0,0.0
35760803117,2025-05-26,-0.09772542247957505,0,0.0
35760803117,2025-06-02,-0.09955449128757676,0,0.0
35760803117,2025-06-09,0.06174344643901833,0,0.0
35760803117,2025-06-16,0.2937383950874574,0,0.0
35760803493,2025-05-26,-0.0007346639883846415,0,0.0
35760803493,2025-06-02,0.042343181605340424,0,0.0
35760803493,2025-06-09,0.03286771977067037,0,0.0
35760803493,2025-06-16,-0.013246606728514212,0,0.0
35760803736,2025-05-26,0.04068842753861435,0,0.0
35760803736,2025-06-02,0.04643586052297371,0,0.0
35760803736,2025-06-09,0.036441097618042526,0,0.0
35760803736,2025-06-16,0.02306276370915443,0,0.0
35760804010,2025-05-26,0.09829315666517396,0,0.0
35760804010,2025-06-02,0.018871137302593585,0,0.0
35760804010,2025-06-09,-0.08652738443654164,0,0.0
35760804010,2025-06-16,-0.13671435846236207,0,0.0
35760804375,2025-05-26,2.55794156689716,0,0.0
35760804375,2025-06-02,3.3291957730218003,0,0.0
35760804375,2025-06-09,5.72908563626501,0,0.0
35760804375,2025-06-16,7.560167726472663,0,0.0
35760804684,2025-05-26,0.5714815231947604,0,0.0
35760804684,2025-06-02,0.11177656483878501,0,0.0
35760804684,2025-06-09,0.0803006720916225,0,0.0
35760804684,2025-06-16,0.4731248057683993,0,0.0
35760805289,2025-05-26,0.6800478573319316,0,0.0
35760805289,2025-06-02,0.43067805795370717,0,0.0
35760805289,2025-06-09,1.451910197489003,0,0.0
35760805289,2025-06-16,3.553299483404216,0,0.0
35760805589,2025-05-26,0.6302258494770036,0,0.0
35760805589,2025-06-02,0.7888914858192931,0,0.0
35760805589,2025-06-09,0.9258067983582855,0,0.0
35760805589,2025-06-16,0.899747687036229,0,0.0
35760805824,2025-05-26,1.5491777457750011,0,0.0
35760805824,2025-06-02,2.3022155449845125,0,0.0
35760805824,2025-06-09,2.8402810256946767,0,0.0
35760805824,2025-06-16,2.685948047811272,0,0.0
35760806147,2025-05-26,0.1847320101655232,0,0.0
35760806147,2025-06-02,0.07558913692100787,0,0.0
35760806147,2025-06-09,-0.054980886315164235,0,0.0
35760806147,2025-06-16,-0.08099932150580008,0,0.0
35760806438,2025-05-26,0.00737999414736662,0,0.0
35760806438,2025-06-02,-0.16748850258952264,0,0.0
35760806438,2025-06-09,-0.40360126232835336,0,0.0
35760806438,2025-06-16,-0.4351453751072343,0,0.0
35760806772,2025-05-26,0.16886671616882373,0,0.0
35760806772,2025-06-02,0.053618162332195324,0,0.0
35760806772,2025-06-09,-0.050843059408563054,0,0.0
35760806772,2025-06-16,-0.036739277049412725,0,0.0
35760807010,2025-05-26,-0.03749498610104017,0,0.0
35760807010,2025-06-02,-0.01781335275154433,0,0.0
35760807010,2025-06-09,0.052158141280815,0,0.0
35760807010,2025-06-16,0.07159129386862748,0,0.0
35760807974,2025-05-26,1.1885023536775443,0,0.0
35760807974,2025-06-02,1.8770483721110265,0,0.0
35760807974,2025-06-09,3.5725889967862154,0,0.0
35760807974,2025-06-16,5.305381269408978,0,0.0
35760808239,2025-05-26,-0.22891982263206678,0,0.0
35760808239,2025-06-02,-1.1138626666013318,0,0.0
35760808239,2025-06-09,-0.4754185193912681,0,0.0
35760808239,2025-06-16,0.55694563150981,0,0.0
35760808536,2025-05-26,2.8209175260932344,0,0.0
35760808536,2025-06-02,4.113311839888853,0,0.0
35760808536,2025-06-09,5.384555217556353,0,0.0
35760808536,2025-06-16,6.462249446912674,0,0.0
35760808866,2025-05-26,0.7041846992839947,0,0.0
35760808866,2025-06-02,1.6178440671582557,0,0.0
35760808866,2025-06-09,2.3240030636978384,0,0.0
35760808866,2025-06-16,1.940218977730948,0,0.0
35760809177,2025-05-26,1.6038272688924364,0,0.0
35760809177,2025-06-02,3.5066820310757434,0,0.0
35760809177,2025-06-09,5.250899372371758,0,0.0
35760809177,2025-06-16,5.76050254798723,0,0.0
35760809493,2025-05-26,-0.03887378988640944,0,0.0
35760809493,2025-06-02,0.009049248090967799,0,0.0
35760809493,2025-06-09,0.0876303671473927,0,0.0
35760809493,2025-06-16,0.1066966267281413,0,0.0
35760809723,2025-05-26,0.9839446791768397,0,0.0
35760809723,2025-06-02,-0.4896535787146955,0,0.0
35760809723,2025-06-09,-0.7561421010173726,0,0.0
35760809723,2025-06-16,-0.11337113950310401,0,0.0
35760810312,2025-05-26,-0.014963124887138878,0,0.0
35760810312,2025-06-02,-0.10995229023780789,0,0.0
35760810312,2025-06-09,-0.09760524721544256,0,0.0
35760810312,2025-06-16,0.007028209542816858,0,0.0
35760810624,2025-05-26,0.015559027760936178,0,0.0
35760810624,2025-06-02,-0.059238876591006843,0,0.0
35760810624,2025-06-09,-0.030885242523756115,0,0.0
35760810624,2025-06-16,0.1465154015539243,0,0.0
35760810972,2025-05-26,0.06481160624984435,0,0.0
35760810972,2025-06-02,0.29651427130212904,0,0.0
35760810972,2025-06-09,0.4640016094834466,0,0.0
35760810972,2025-06-16,0.39819802526549114,0,0.0
35760811216,2025-05-26,0.07304958949040374,0,0.0
35760811216,2025-06-02,2.542065032493869,0,0.0
35760811216,2025-06-09,6.029847689634527,0,0.0
35760811216,2025-06-16,8.067168837358865,0,0.0
35797749988,2025-05-26,0.2086024138574838,0,0.0
35797749988,2025-06-02,0.20770388727803213,0,0.0
35797749988,2025-06-09,0.08628671715421954,0,0.0
35797749988,2025-06-16,-0.03643791623180381,0,0.0
35845590961,2025-05-26,0.2225995869567396,0,0.0
35845590961,2025-06-02,0.16602812868794442,0,0.0
35845590961,2025-06-09,0.09255727725932811,0,0.0
35845590961,2025-06-16,0.12677838055293666,0,0.0
35846286376,2025-05-26,0.7953153991914228,0,0.0
35846286376,2025-06-02,0.6465385245793176,0,0.0
35846286376,2025-06-09,0.4075759039953053,0,0.0
35846286376,2025-06-16,0.25391017344947864,0,0.0
35846511668,2025-05-26,-0.01208613145105078,0,0.0
35846511668,2025-06-02,0.038984977104237636,0,0.0
35846511668,2025-06-09,0.07286738155784121,0,0.0
35846511668,2025-06-16,0.04315832762362508,0,0.0
35846548593,2025-05-26,-0.013691965087261115,0,0.0
35846548593,2025-06-02,-0.06734981137815377,0,0.0
35846548593,2025-06-09,-0.11468532566017431,0,0.0
35846548593,2025-06-16,-0.05960066627315774,0,0.0
36407064097,2025-05-26,1.1096907533825584,0,0.0
36407064097,2025-06-02,1.18664793379697,0,0.0
36407064097,2025-06-09,0.9240119113638212,0,0.0
36407064097,2025-06-16,0.9783589681061526,0,0.0
36442662378,2025-05-26,0.518632103099528,0,0.0
36442662378,2025-06-02,1.7462011903471206,0,0.0
36442662378,2025-06-09,2.913046917868466,0,0.0
36442662378,2025-06-16,2.4262924174550333,0,0.0
36442913739,2025-05-26,1.8464112599791676,0,0.0
36442913739,2025-06-02,1.2851843723761747,0,0.0
36442913739,2025-06-09,0.8751151706400095,0,0.0
36442913739,2025-06-16,0.9489328073900452,0,0.0
36918045023,2025-05-26,-0.048928502240355824,0,0.0
36918045023,2025-06-02,0.022663222960701043,0,0.0
36918045023,2025-06-09,0.156707166067178,0,0.0
36918045023,2025-06-16,0.23135626594806247,0,0.0
36923304973,2025-05-26,-0.10013335725359565,0,0.0
36923304973,2025-06-02,-0.10322949354586755,0,0.0
36923304973,2025-06-09,-0.09999909630288083,0,0.0
36923304973,2025-06-16,-0.10873027768722052,0,0.0
36924792617,2025-05-26,0.18524877593269615,0,0.0
36924792617,2025-06-02,0.33618347287471195,0,0.0
36924792617,2025-06-09,0.36691756725957203,0,0.0
36924792617,2025-06-16,0.20548993387684544,0,0.0
36925028712,2025-05-26,0.02158353473090224,0,0.0
36925028712,2025-06-02,0.015654487886319422,0,0.0
36925028712,2025-06-09,0.008362710937357323,0,0.0
36925028712,2025-06-16,0.010782865135624469,0,0.0
36925451776,2025-05-26,0.025334802723547767,0,0.0
36925451776,2025-06-02,-0.050908562932928704,0,0.0
36925451776,2025-06-09,-0.06305598633541756,0,0.0
36925451776,2025-06-16,-0.02855263676925749,0,0.0
36932256672,2025-05-26,-0.02311859480961189,0,0.0
36932256672,2025-06-02,-0.003059512155868454,0,0.0
36932256672,2025-06-09,0.016555759543324194,0,0.0
36932256672,2025-06-16,0.0037516117183352977,0,0.0
36934182989,2025-05-26,-0.0363349511437617,0,0.0
36934182989,2025-06-02,-0.018338903572749428,0,0.0
36934182989,2025-06-09,-0.00421291037036383,0,0.0
36934182989,2025-06-16,-0.016784925615411356,0,0.0
36952764350,2025-05-26,0.4172195356020814,0,0.0
36952764350,2025-06-02,0.6190065557876203,0,0.0
36952764350,2025-06-09,0.5022520535747452,0,0.0
36952764350,2025-06-16,-0.005402487035415293,0,0.0
36952921551,2025-05-26,0.8909271717145661,0,0.0
36952921551,2025-06-02,1.0050751971576268,0,0.0
36952921551,2025-06-09,0.8632755667772746,0,0.0
36952921551,2025-06-16,0.5641643243457318,0,0.0
36952968358,2025-05-26,0.5127010591713951,0,0.0
36952968358,2025-06-02,0.6947860951889084,0,0.0
36952968358,2025-06-09,0.7997414822594279,0,0.0
36952968358,2025-06-16,0.9175022193110511,0,0.0
37232337056,2025-05-26,0.6833698011680506,0,0.0
37232337056,2025-06-02,0.6364542729186554,0,0.0
37232337056,2025-06-09,0.41770303466599157,0,0.0
37232337056,2025-06-16,0.23222928442699053,0,0.0
37342256451,2025-05-26,2.400709827778831,0,0.0
37342256451,2025-06-02,3.0901441819919926,0,0.0
37342256451,2025-06-09,3.6585197627237447,0,0.0
37342256451,2025-06-16,3.493563450143697,0,0.0
37343374872,2025-05-26,1.6624026472880296,0,0.0
37343374872,2025-06-02,2.8666050081362906,0,0.0
37343374872,2025-06-09,3.194703149735627,0,0.0
37343374872,2025-06-16,3.097651449207033,0,0.0
37344189072,2025-05-26,2.046511654074936,0,0.0
37344189072,2025-06-02,2.0780778023655433,0,0.0
37344189072,2025-06-09,1.942441288767652,0,0.0
37344189072,2025-06-16,1.7460222974667854,0,0.0
37344544280,2025-05-26,-1.4255422782672464,0,0.0
37344544280,2025-06-02,-1.9387699070411373,0,0.0
37344544280,2025-06-09,-1.545623602365474,0,0.0
37344544280,2025-06-16,-0.8490755281239613,0,0.0
38280841811,2025-05-26,0.02616711792603485,0,0.0
38280841811,2025-06-02,0.013915160306919694,0,0.0
38280841811,2025-06-09,0.12082800791402676,0,0.0
38280841811,2025-06-16,0.20141266020038506,0,0.0
38281454130,2025-05-26,0.17167778838495515,0,0.0
38281454130,2025-06-02,0.2129489875239954,0,0.0
38281454130,2025-06-09,0.2519276195758496,0,0.0
38281454130,2025-06-16,0.2533149103106225,0,0.0
38282283940,2025-05-26,-0.03124536964576973,0,0.0
38282283940,2025-06-02,-0.012742777109733143,0,0.0
38282283940,2025-06-09,0.01341579204453214,0,0.0
38282283940,2025-06-16,0.010533220676478555,0,0.0
38353593948,2025-05-26,7.919426913126532,0,0.0
38353593948,2025-06-02,5.23918052748918,0,0.0
38353593948,2025-06-09,1.5724179535503442,0,0.0
38353593948,2025-06-16,-0.5490907012573153,0,0.0
38354014830,2025-05-26,0.06992176533675432,0,0.0
38354014830,2025-06-02,0.36597180242954863,0,0.0
38354014830,2025-06-09,1.1342368943455428,0,0.0
38354014830,2025-06-16,1.6153222206847628,0,0.0
38354067981,2025-05-26,6.971236669855755,0,0.0
38354067981,2025-06-02,8.329175241863215,0,0.0
38354067981,2025-06-09,9.951095414340633,0,0.0
38354067981,2025-06-16,10.600268282624397,0,0.0
38354074222,2025-05-26,-0.18575425408744664,0,0.0
38354074222,2025-06-02,-0.22693463895082958,0,0.0
38354074222,2025-06-09,-0.19246064922285533,0,0.0
38354074222,2025-06-16,-0.14403123298381004,0,0.0
38598934876,2025-05-26,-0.006842718712825886,0,0.0
38598934876,2025-06-02,0.013957257947380924,0,0.0
38598934876,2025-06-09,-0.004014735977674922,0,0.0
38598934876,2025-06-16,-0.043602724953448,0,0.0
38599735521,2025-05-26,-0.10015998144940536,0,0.0
38599735521,2025-06-02,-0.017988736652641498,0,0.0
38599735521,2025-06-09,0.052759091440484455,0,0.0
38599735521,2025-06-16,0.03579218112355343,0,0.0
38675272223,2025-05-26,0.10426473015299387,0,0.0
38675272223,2025-06-02,0.18558914899336976,0,0.0
38675272223,2025-06-09,0.16799403820773234,0,0.0
38675272223,2025-06-16,0.05516807552978198,0,0.0
38676507640,2025-05-26,0.057302382206738084,0,0.0
38676507640,2025-06-02,0.08343017508424197,0,0.0
38676507640,2025-06-09,0.10909692220221526,0,0.0
38676507640,2025-06-16,0.10619881695147917,0,0.0
38676661854,2025-05-26,0.15273547937765253,0,0.0
38676661854,2025-06-02,0.09494711201238615,0,0.0
38676661854,2025-06-09,0.08925785015094492,0,0.0
38676661854,2025-06-16,0.15297787467163892,0,0.0
38676704412,2025-05-26,0.11258663663544519,0,0.0
38676704412,2025-06-02,0.17028490109678013,0,0.0
38676704412,2025-06-09,0.27295063568880074,0,0.0
38676704412,2025-06-16,0.33919914403489915,0,0.0
38676726059,2025-05-26,0.015260234416635765,0,0.0
38676726059,2025-06-02,-0.0027864896936228845,0,0.0
38676726059,2025-06-09,0.02247887324734555,0,0.0
38676726059,2025-06-16,0.06183627739228517,0,0.0
38676919811,2025-05-26,0.6184179538089201,0,0.0
38676919811,2025-06-02,0.7221287440598524,0,0.0
38676919811,2025-06-09,0.655554536272884,0,0.0
38676919811,2025-06-16,0.5767264846376231,0,0.0
38676944496,2025-05-26,0.8436226267193117,0,0.0
38676944496,2025-06-02,0.9815138468175144,0,0.0
38676944496,2025-06-09,1.1833186094062313,0,0.0
38676944496,2025-06-16,1.2789129743173508,0,0.0
38677029055,2025-05-26,0.5790081674888816,0,0.0
38677029055,2025-06-02,0.5508721661311413,0,0.0
38677029055,2025-06-09,0.4714279278190936,0,0.0
38677029055,2025-06-16,0.5076996492578884,0,0.0
38677032646,2025-05-26,0.41402947418151465,0,0.0
38677032646,2025-06-02,0.7049379624959189,0,0.0
38677032646,2025-06-09,0.9606984606986118,0,0.0
38677032646,2025-06-16,0.9674868822998905,0,0.0
38677051225,2025-05-26,0.7306069691530324,0,0.0
38677051225,2025-06-02,1.0227322746811751,0,0.0
38677051225,2025-06-09,1.476404844922793,0,0.0
38677051225,2025-06-16,1.7323296744703256,0,0.0
38677090284,2025-05-26,1.078845428886301,0,0.0
38677090284,2025-06-02,1.6214139366044706,0,0.0
38677090284,2025-06-09,1.8968179310217026,0,0.0
38677090284,2025-06-16,1.5554447887368172,0,0.0
38677235450,2025-05-26,0.7209540802591132,0,0.0
38677235450,2025-06-02,0.8492387178012557,0,0.0
38677235450,2025-06-09,0.9954442072629833,0,0.0
38677235450,2025-06-16,1.153714022010757,0,0.0
38677320037,2025-05-26,0.21270700121392616,0,0.0
38677320037,2025-06-02,0.22435634674379287,0,0.0
38677320037,2025-06-09,0.20774224301042005,0,0.0
38677320037,2025-06-16,0.21041837510210465,0,0.0
38677419399,2025-05-26,0.03470511726317721,0,0.0
38677419399,2025-06-02,0.018488190316061776,0,0.0
38677419399,2025-06-09,0.01508678368521435,0,0.0
38677419399,2025-06-16,0.0570819040407964,0,0.0
38677459566,2025-05-26,0.07246562152357965,0,0.0
38677459566,2025-06-02,0.05158104355352041,0,0.0
38677459566,2025-06-09,-0.006799054084216868,0,0.0
38677459566,2025-06-16,-0.017673274079993723,0,0.0
38677463756,2025-05-26,0.041563261639431026,0,0.0
38677463756,2025-06-02,-0.013551127746470853,0,0.0
38677463756,2025-06-09,-0.03758407050379807,0,0.0
38677463756,2025-06-16,0.03651972639288706,0,0.0
38677465824,2025-05-26,0.26618146978756196,0,0.0
38677465824,2025-06-02,0.47852204888806116,0,0.0
38677465824,2025-06-09,0.7015182651886103,0,0.0
38677465824,2025-06-16,0.7736033937944908,0,0.0
38781988859,2025-05-26,9.363499228964221,0,0.0
38781988859,2025-06-02,9.880511934889176,0,0.0
38781988859,2025-06-09,10.330903283499516,0,0.0
38781988859,2025-06-16,10.376336171465466,0,0.0
38800819249,2025-05-26,0.15688003679514292,0,0.0
38800819249,2025-06-02,0.18928820001762992,0,0.0
38800819249,2025-06-09,0.287072604209169,0,0.0
38800819249,2025-06-16,0.32674566601896293,0,0.0
38800942867,2025-05-26,0.14687744022838362,0,0.0
38800942867,2025-06-02,0.1462091759986514,0,0.0
38800942867,2025-06-09,0.12487956078443738,0,0.0
38800942867,2025-06-16,0.12125595427152283,0,0.0
38801183774,2025-05-26,-0.4670599647414486,0,0.0
38801183774,2025-06-02,-0.5090535577631672,0,0.0
38801183774,2025-06-09,0.030058932982066355,0,0.0
38801183774,2025-06-16,0.6348371836874425,0,0.0
38801498118,2025-05-26,-0.05760574175409458,0,0.0
38801498118,2025-06-02,0.12211929860063439,0,0.0
38801498118,2025-06-09,0.49440038951937737,0,0.0
38801498118,2025-06-16,0.7923439134319528,0,0.0
38801689265,2025-05-26,0.3056818994982847,0,0.0
38801689265,2025-06-02,0.10678383377592188,0,0.0
38801689265,2025-06-09,0.008948276583820386,0,0.0
38801689265,2025-06-16,0.04404859172000328,0,0.0
38801749516,2025-05-26,0.07578722213601874,0,0.0
38801749516,2025-06-02,0.02262539633853506,0,0.0
38801749516,2025-06-09,0.0196509144869687,0,0.0
38801749516,2025-06-16,0.03778638748130629,0,0.0
38802030325,2025-05-26,0.03191820729911747,0,0.0
38802030325,2025-06-02,-0.013225935174938072,0,0.0
38802030325,2025-06-09,-0.06145624371241584,0,0.0
38802030325,2025-06-16,-0.020353262292493922,0,0.0
38802044766,2025-05-26,-0.06352062881381272,0,0.0
38802044766,2025-06-02,-0.04210473675066709,0,0.0
38802044766,2025-06-09,-0.010787204620215873,0,0.0
38802044766,2025-06-16,-0.022680120588528765,0,0.0
38802062486,2025-05-26,0.3453639737109689,0,0.0
38802062486,2025-06-02,0.4117207190823941,0,0.0
38802062486,2025-06-09,0.3276174672537971,0,0.0
38802062486,2025-06-16,0.30611098326246544,0,0.0
38802063648,2025-05-26,0.5812135509945028,0,0.0
38802063648,2025-06-02,0.39554609084656855,0,0.0
38802063648,2025-06-09,0.32429205677660505,0,0.0
38802063648,2025-06-16,0.38427293389839356,0,0.0
38834652679,2025-05-26,-0.13576490900082944,0,0.0
38834652679,2025-06-02,-0.01226972636922792,0,0.0
38834652679,2025-06-09,0.27226410950684504,0,0.0
38834652679,2025-06-16,0.5241071276232853,0,0.0
38854310471,2025-05-26,0.10166766426568173,0,0.0
38854310471,2025-06-02,0.05943470664342458,0,0.0
38854310471,2025-06-09,-0.014022219656035374,0,0.0
38854310471,2025-06-16,-0.0796614674118066,0,0.0
38854484797,2025-05-26,-0.008786646306067954,0,0.0
38854484797,2025-06-02,-0.011977922065855406,0,0.0
38854484797,2025-06-09,0.00533806625084474,0,0.0
38854484797,2025-06-16,0.024493290539949655,0,0.0
38854578923,2025-05-26,-0.18250709491866268,0,0.0
38854578923,2025-06-02,-0.30255476432962125,0,0.0
38854578923,2025-06-09,-0.20637181748078312,0,0.0
38854578923,2025-06-16,0.04926633558619495,0,0.0
38854638939,2025-05-26,0.15412584797001355,0,0.0
38854638939,2025-06-02,0.11858587397655329,0,0.0
38854638939,2025-06-09,0.0760306108748808,0,0.0
38854638939,2025-06-16,0.1075808708092182,0,0.0
38854719931,2025-05-26,0.026259258042764858,0,0.0
38854719931,2025-06-02,0.00387038142822441,0,0.0
38854719931,2025-06-09,0.006450795232266684,0,0.0
38854719931,2025-06-16,0.022737747405967856,0,0.0
38854871121,2025-05-26,0.02272512487839704,0,0.0
38854871121,2025-06-02,0.011500142337213345,0,0.0
38854871121,2025-06-09,0.00014047473395624455,0,0.0
38854871121,2025-06-16,-0.0017595646173708297,0,0.0
38873536553,2025-05-26,0.2916229871409546,0,0.0
38873536553,2025-06-02,0.3134811010696385,0,0.0
38873536553,2025-06-09,0.33079028085953954,0,0.0
38873536553,2025-06-16,0.3413162264095094,0,0.0
38874052232,2025-05-26,-0.01438951539336015,0,0.0
38874052232,2025-06-02,-0.006971789948545377,0,0.0
38874052232,2025-06-09,-0.0009524395337788087,0,0.0
38874052232,2025-06-16,-0.011766193003891683,0,0.0
39231034278,2025-05-26,0.6997604233057877,0,0.0
39231034278,2025-06-02,0.7706849049746217,0,0.0
39231034278,2025-06-09,0.7919078695290077,0,0.0
39231034278,2025-06-16,0.7287229997565146,0,0.0
39233070674,2025-05-26,0.022806592757058416,0,0.0
39233070674,2025-06-02,0.03525733884464962,0,0.0
39233070674,2025-06-09,0.00814349460588757,0,0.0
39233070674,2025-06-16,-0.024810633946923653,0,0.0
39233433918,2025-05-26,0.32717758597198343,0,0.0
39233433918,2025-06-02,0.27474643296828627,0,0.0
39233433918,2025-06-09,0.137176426820032,0,0.0
39233433918,2025-06-16,-0.008879838202689783,0,0.0
39233458243,2025-05-26,0.10768999649497968,0,0.0
39233458243,2025-06-02,0.40883277812031,0,0.0
39233458243,2025-06-09,0.6827604518254631,0,0.0
39233458243,2025-06-16,0.6645124314815404,0,0.0
39233855712,2025-05-26,0.8725595479457469,0,0.0
39233855712,2025-06-02,0.9435819747749837,0,0.0
39233855712,2025-06-09,0.8658748328032811,0,0.0
39233855712,2025-06-16,0.6981148046324003,0,0.0
39234021695,2025-05-26,0.41781090883435956,0,0.0
39234021695,2025-06-02,0.506293055461194,0,0.0
39234021695,2025-06-09,0.6881652628680114,0,0.0
39234021695,2025-06-16,0.8673601861296933,0,0.0
39267672963,2025-05-26,0.006441635453934343,0,0.0
39267672963,2025-06-02,-0.012500596625377489,0,0.0
39267672963,2025-06-09,-0.0020128508678718335,0,0.0
39267672963,2025-06-16,0.026595216273941,0,0.0
39267673237,2025-05-26,0.005446050259687444,0,0.0
39267673237,2025-06-02,0.020614230466404794,0,0.0
39267673237,2025-06-09,0.006718766784319236,0,0.0
39267673237,2025-06-16,-0.018835578974454918,0,0.0
39267673893,2025-05-26,0.026652334130897237,0,0.0
39267673893,2025-06-02,0.02139503757789081,0,0.0
39267673893,2025-06-09,0.027149863861010357,0,0.0
39267673893,2025-06-16,0.0421248582829733,0,0.0
39267674193,2025-05-26,0.025416282980150445,0,0.0
39267674193,2025-06-02,0.04479197710607066,0,0.0
39267674193,2025-06-09,0.05857411543573222,0,0.0
39267674193,2025-06-16,0.050333886436975186,0,0.0
39267674431,2025-05-26,0.018055994394287685,0,0.0
39267674431,2025-06-02,0.025575874696724777,0,0.0
39267674431,2025-06-09,0.016283733871744435,0,0.0
39267674431,2025-06-16,0.0001327725674581462,0,0.0
39267674723,2025-05-26,0.08953141889338082,0,0.0
39267674723,2025-06-02,0.14780055405968018,0,0.0
39267674723,2025-06-09,0.2115402962872543,0,0.0
39267674723,2025-06-16,0.21674477394992603,0,0.0
39267675034,2025-05-26,0.195290605128024,0,0.0
39267675034,2025-06-02,0.18356917492937774,0,0.0
39267675034,2025-06-09,0.35462151914566825,0,0.0
39267675034,2025-06-16,0.7519597641700675,0,0.0
39814768574,2025-05-26,0.8233480310429347,0,0.0
39814768574,2025-06-02,0.6634441272094695,0,0.0
39814768574,2025-06-09,-0.11579458641090778,0,0.0
39814768574,2025-06-16,-0.8757903522814245,0,0.0
40000050358,2025-05-26,0.0036739378578651543,0,0.0
40000050358,2025-06-02,-0.008340459466878886,0,0.0
40000050358,2025-06-09,-0.004739734860486497,0,0.0
40000050358,2025-06-16,0.009547135780356493,0,0.0
40154920524,2025-05-26,0.31858325956008493,0,0.0
40154920524,2025-06-02,0.4129121891139313,0,0.0
40154920524,2025-06-09,0.5585720013417479,0,0.0
40154920524,2025-06-16,0.6423034451550895,0,0.0
40154921194,2025-05-26,0.6403560901248254,0,0.0
40154921194,2025-06-02,0.6933942305450636,0,0.0
40154921194,2025-06-09,0.9885561699408344,0,0.0
40154921194,2025-06-16,1.3353114514805253,0,0.0
40545530187,2025-05-26,0.21799440605231668,0,0.0
40545530187,2025-06-02,0.18344871563930124,0,0.0
40545530187,2025-06-09,0.25455435641586327,0,0.0
40545530187,2025-06-16,0.32326285438417957,0,0.0
40545530450,2025-05-26,0.050342083931801326,0,0.0
40545530450,2025-06-02,0.04533605974521324,0,0.0
40545530450,2025-06-09,0.045606937915961626,0,0.0
40545530450,2025-06-16,0.054649806522580495,0,0.0
40790539263,2025-05-26,0.3317592321776984,0,0.0
40790539263,2025-06-02,0.16862603329571169,0,0.0
40790539263,2025-06-09,0.26367079150289385,0,0.0
40790539263,2025-06-16,0.6262930458399258,0,0.0
41273567751,2025-05-26,1.6345314682043894,0,0.0
41273567751,2025-06-02,1.5557416842917529,0,0.0
41273567751,2025-06-09,1.6619906550828096,0,0.0
41273567751,2025-06-16,1.8223178542061769,0,0.0
41273568359,2025-05-26,1.0474557076706588,0,0.0
41273568359,2025-06-02,1.6328301937991125,0,0.0
41273568359,2025-06-09,2.3142068715547315,0,0.0
41273568359,2025-06-16,2.5821349623200893,0,0.0
41273568614,2025-05-26,1.2754763064006125,0,0.0
41273568614,2025-06-02,1.3167400587741274,0,0.0
41273568614,2025-06-09,1.1010953543823159,0,0.0
41273568614,2025-06-16,0.7486031298449632,0,0.0
41276985638,2025-05-26,0.34386637425726285,0,0.0
41276985638,2025-06-02,0.39525157069279815,0,0.0
41276985638,2025-06-09,0.3702749357077603,0,0.0
41276985638,2025-06-16,0.31968235873808004,0,0.0
41491392694,2025-05-26,4.660596820826484,0,0.0
41491392694,2025-06-02,5.6811545375494505,0,0.0
41491392694,2025-06-09,7.404317540532862,0,0.0
41491392694,2025-06-16,8.353348126456083,0,0.0
41491392968,2025-05-26,1.5296461177560552,0,0.0
41491392968,2025-06-02,1.8288853971825036,0,0.0
41491392968,2025-06-09,2.421039626344009,0,0.0
41491392968,2025-06-16,2.870249452583964,0,0.0
41491393273,2025-05-26,2.882030179966429,0,0.0
41491393273,2025-06-02,3.3589107793588795,0,0.0
41491393273,2025-06-09,4.008215526606968,0,0.0
41491393273,2025-06-16,4.07532017223229,0,0.0
41491394123,2025-05-26,0.9663941156632978,0,0.0
41491394123,2025-06-02,1.7516848858400043,0,0.0
41491394123,2025-06-09,2.7940190727199052,0,0.0
41491394123,2025-06-16,3.3727224164400966,0,0.0
41513223318,2025-05-26,1.1346828265074598,0,0.0
41513223318,2025-06-02,1.0101302456413068,0,0.0
41513223318,2025-06-09,0.7075245295234631,0,0.0
41513223318,2025-06-16,0.7102355814535467,0,0.0
41514786616,2025-05-26,0.6005806558253036,0,0.0
41514786616,2025-06-02,0.6217693351606426,0,0.0
41514786616,2025-06-09,0.5222632909255849,0,0.0
41514786616,2025-06-16,0.4795934956971931,0,0.0
41515050363,2025-05-26,0.8331343776068597,0,0.0
41515050363,2025-06-02,0.9724995007127083,0,0.0
41515050363,2025-06-09,0.9833570091562785,0,0.0
41515050363,2025-06-16,0.9083088446639118,0,0.0
41603545216,2025-05-26,1.62998034931044,0,0.0
41603545216,2025-06-02,2.4085267674933206,0,0.0
41603545216,2025-06-09,2.943193205673823,0,0.0
41603545216,2025-06-16,2.8571148850652066,0,0.0
41604602159,2025-05-26,0.6899836294487945,0,0.0
41604602159,2025-06-02,1.1128097839670514,0,0.0
41604602159,2025-06-09,1.4929767160329548,0,0.0
41604602159,2025-06-16,1.461550332157846,0,0.0
41605550723,2025-05-26,0.7124276649683228,0,0.0
41605550723,2025-06-02,0.7632804467410207,0,0.0
41605550723,2025-06-09,0.6781600588505922,0,0.0
41605550723,2025-06-16,0.5599835430490592,0,0.0
41662780238,2025-05-26,1.3227826170457213,0,0.0
41662780238,2025-06-02,1.7014103951680102,0,0.0
41662780238,2025-06-09,1.9488553119347964,0,0.0
41662780238,2025-06-16,1.92206276915253,0,0.0
41662784784,2025-05-26,14.840335683009114,0,0.0
41662784784,2025-06-02,16.09667510154054,0,0.0
41662784784,2025-06-09,16.303161278043913,0,0.0
41662784784,2025-06-16,15.183108015560345,0,0.0
41662829751,2025-05-26,4.620186546810199,0,0.0
41662829751,2025-06-02,6.0507461779186285,0,0.0
41662829751,2025-06-09,7.049575334186159,0,0.0
41662829751,2025-06-16,6.815361324452702,0,0.0
41844855621,2025-05-26,0.16146262054754484,0,0.0
41844855621,2025-06-02,0.3347593384120423,0,0.0
41844855621,2025-06-09,0.3462947266952502,0,0.0
41844855621,2025-06-16,0.23767253188895437,0,0.0
41844855933,2025-05-26,-0.2517794490717709,0,0.0
41844855933,2025-06-02,-0.2861612868634941,0,0.0
41844855933,2025-06-09,-0.31384934506298845,0,0.0
41844855933,2025-06-16,-0.31885557443639845,0,0.0
41844856242,2025-05-26,-0.00822022652419676,0,0.0
41844856242,2025-06-02,-0.005851545743859904,0,0.0
41844856242,2025-06-09,0.026737648006154066,0,0.0
41844856242,2025-06-16,0.044126054182303705,0,0.0
41859075396,2025-05-26,11.450095545306727,0,0.0
41859075396,2025-06-02,12.438718924888544,0,0.0
41859075396,2025-06-09,13.559851148154292,0,0.0
41859075396,2025-06-16,14.344615500388185,0,0.0
41911704936,2025-05-26,0.46009340251777564,0,0.0
41911704936,2025-06-02,0.4519306221745081,0,0.0
41911704936,2025-06-09,0.5589057354711722,0,0.0
41911704936,2025-06-16,0.7557691257486596,0,0.0
41911928478,2025-05-26,0.8650864382277644,0,0.0
41911928478,2025-06-02,0.8388291732916424,0,0.0
41911928478,2025-06-09,1.1724209859827637,0,0.0
41911928478,2025-06-16,1.603196385147926,0,0.0
41931934851,2025-05-26,0.2794137922089277,0,0.0
41931934851,2025-06-02,0.12871954974606656,0,0.0
41931934851,2025-06-09,-0.02249489321888152,0,0.0
41931934851,2025-06-16,-0.06950375263528716,0,0.0
42041590570,2025-05-26,1.1340037927703623,0,0.0
42041590570,2025-06-02,1.5886903245215778,0,0.0
42041590570,2025-06-09,1.7770282889923905,0,0.0
42041590570,2025-06-16,1.5197116853243764,0,0.0
42200461570,2025-05-26,-0.009393574577664723,0,0.0
42200461570,2025-06-02,0.01838609442414837,0,0.0
42200461570,2025-06-09,0.02311535187591619,0,0.0
42200461570,2025-06-16,0.0052920525385031225,0,0.0
42332432433,2025-05-26,0.6626541766129648,0,0.0
42332432433,2025-06-02,1.0116195586338526,0,0.0
42332432433,2025-06-09,1.2728155459821617,0,0.0
42332432433,2025-06-16,1.2314650304870223,0,0.0
42332432797,2025-05-26,0.5498761021333546,0,0.0
42332432797,2025-06-02,0.19551013897249817,0,0.0
42332432797,2025-06-09,0.11774664345466246,0,0.0
42332432797,2025-06-16,0.2922183988855749,0,0.0
42332433059,2025-05-26,0.8758046243308383,0,0.0
42332433059,2025-06-02,0.7575000478498539,0,0.0
42332433059,2025-06-09,0.6981783392613925,0,0.0
42332433059,2025-06-16,0.9087576742043585,0,0.0
42332433314,2025-05-26,0.1971872512310463,0,0.0
42332433314,2025-06-02,0.08564137833586732,0,0.0
42332433314,2025-06-09,0.08767464708094262,0,0.0
42332433314,2025-06-16,0.14852672255061256,0,0.0
42332433924,2025-05-26,0.13606817050575068,0,0.0
42332433924,2025-06-02,0.016164764204374432,0,0.0
42332433924,2025-06-09,-0.06317207740477271,0,0.0
42332433924,2025-06-16,0.07945383838857246,0,0.0
42834137936,2025-05-26,5.299051504421979,0,0.0
42834137936,2025-06-02,3.776114534149829,0,0.0
42834137936,2025-06-09,1.896812552977698,0,0.0
42834137936,2025-06-16,1.387630434064863,0,0.0
42931106661,2025-05-26,0.024772416624784632,0,0.0
42931106661,2025-06-02,0.014091437324617774,0,0.0
42931106661,2025-06-09,-0.004042593585003595,0,0.0
42931106661,2025-06-16,-0.00324753128373138,0,0.0
42931108441,2025-05-26,0.4241625957978571,0,0.0
42931108441,2025-06-02,0.3820364423170476,0,0.0
42931108441,2025-06-09,0.18696167292910104,0,0.0
42931108441,2025-06-16,0.013718376534783056,0,0.0
42997339136,2025-05-26,0.09639949513709499,0,0.0
42997339136,2025-06-02,0.02755318028642384,0,0.0
42997339136,2025-06-09,0.06964463992962627,0,0.0
42997339136,2025-06-16,0.21433210154673366,0,0.0
42997343957,2025-05-26,0.25316423569265034,0,0.0
42997343957,2025-06-02,0.3279239378074955,0,0.0
42997343957,2025-06-09,0.3882855728095454,0,0.0
42997343957,2025-06-16,0.3597882630836074,0,0.0
42997346034,2025-05-26,0.0656773371341248,0,0.0
42997346034,2025-06-02,0.05541550049787983,0,0.0
42997346034,2025-06-09,0.10592027340094387,0,0.0
42997346034,2025-06-16,0.22004121205212435,0,0.0
42997350212,2025-05-26,0.09401499693491464,0,0.0
42997350212,2025-06-02,0.08160616307373394,0,0.0
42997350212,2025-06-09,0.17779409280893516,0,0.0
42997350212,2025-06-16,0.32406372424986646,0,0.0
42997353572,2025-05-26,0.021281653860907454,0,0.0
42997353572,2025-06-02,0.0281915665049083,0,0.0
42997353572,2025-06-09,0.02275103123004041,0,0.0
42997353572,2025-06-16,0.013413932971008152,0,0.0
42997355673,2025-05-26,0.010815200978399657,0,0.0
42997355673,2025-06-02,0.0597604980770257,0,0.0
42997355673,2025-06-09,0.07357006053967059,0,0.0
42997355673,2025-06-16,0.023811181485239703,0,0.0
42997357738,2025-05-26,0.022659997156607527,0,0.0
42997357738,2025-06-02,0.03129017210001431,0,0.0
42997357738,2025-06-09,0.03693505250275573,0,0.0
42997357738,2025-06-16,0.033704998003413034,0,0.0
42997360431,2025-05-26,0.057141049171371486,0,0.0
42997360431,2025-06-02,0.041867218661415226,0,0.0
42997360431,2025-06-09,0.0490221372482494,0,0.0
42997360431,2025-06-16,0.07378940913896272,0,0.0
42997361992,2025-05-26,0.0178600624076478,0,0.0
42997361992,2025-06-02,0.08411684346370088,0,0.0
42997361992,2025-06-09,0.1919102761599244,0,0.0
42997361992,2025-06-16,0.2618800862575924,0,0.0
42997363795,2025-05-26,0.019285210728524998,0,0.0
42997363795,2025-06-02,0.011436531096500788,0,0.0
42997363795,2025-06-09,-0.0010098366061761614,0,0.0
42997363795,2025-06-16,1.7089518989991254e-05,0,0.0
42997366151,2025-05-26,0.0618793482346648,0,0.0
42997366151,2025-06-02,0.020712722635508413,0,0.0
42997366151,2025-06-09,0.012171522275561009,0,0.0
42997366151,2025-06-16,0.0829469750240207,0,0.0
42997370010,2025-05-26,0.1826164342828987,0,0.0
42997370010,2025-06-02,0.24993563476586125,0,0.0
42997370010,2025-06-09,0.3239798429911415,0,0.0
42997370010,2025-06-16,0.372210845522737,0,0.0
42997372184,2025-05-26,0.24165054863544705,0,0.0
42997372184,2025-06-02,0.1647043681746666,0,0.0
42997372184,2025-06-09,-0.003881571528353972,0,0.0
42997372184,2025-06-16,-0.02455633484791503,0,0.0
42997374577,2025-05-26,2.7966320692471953,0,0.0
42997374577,2025-06-02,1.4259652286320808,0,0.0
42997374577,2025-06-09,0.06445197923103246,0,0.0
42997374577,2025-06-16,-0.3888231361561125,0,0.0
42997376375,2025-05-26,1.1986962047666372,0,0.0
42997376375,2025-06-02,0.967398931112269,0,0.0
42997376375,2025-06-09,0.8245290398170888,0,0.0
42997376375,2025-06-16,0.7626690581533451,0,0.0
42997381110,2025-05-26,1.7367854963110254,0,0.0
42997381110,2025-06-02,1.2153544189708776,0,0.0
42997381110,2025-06-09,0.7242684445131371,0,0.0
42997381110,2025-06-16,0.8273404467294576,0,0.0
42997385022,2025-05-26,0.5217022210898921,0,0.0
42997385022,2025-06-02,0.6224482746729472,0,0.0
42997385022,2025-06-09,0.813134159487808,0,0.0
42997385022,2025-06-16,1.0615721681230084,0,0.0
42997389826,2025-05-26,1.6191007566917965,0,0.0
42997389826,2025-06-02,1.7743070831734498,0,0.0
42997389826,2025-06-09,1.6709124353705218,0,0.0
42997389826,2025-06-16,1.6232308206796082,0,0.0
42997394698,2025-05-26,3.772629599210047,0,0.0
42997394698,2025-06-02,3.814747836335685,0,0.0
42997394698,2025-06-09,3.867921320386947,0,0.0
42997394698,2025-06-16,3.98155898069105,0,0.0
42997397695,2025-05-26,1.0686570308683039,0,0.0
42997397695,2025-06-02,2.0959790453623217,0,0.0
42997397695,2025-06-09,3.005503145306558,0,0.0
42997397695,2025-06-16,2.8990077898412574,0,0.0
42997399776,2025-05-26,8.44572504786403,0,0.0
42997399776,2025-06-02,9.88868903412884,0,0.0
42997399776,2025-06-09,8.053129921000728,0,0.0
42997399776,2025-06-16,4.83182092812759,0,0.0
42997403955,2025-05-26,0.38253450808572376,0,0.0
42997403955,2025-06-02,0.30601229599839186,0,0.0
42997403955,2025-06-09,0.30297740433764087,0,0.0
42997403955,2025-06-16,0.4294111333455913,0,0.0
42997420495,2025-05-26,2.272506233627781,0,0.0
42997420495,2025-06-02,2.215689035864096,0,0.0
42997420495,2025-06-09,2.0708809524503646,0,0.0
42997420495,2025-06-16,2.1259077735355296,0,0.0
42997421911,2025-05-26,1.3326324968467524,0,0.0
42997421911,2025-06-02,1.8276157458368294,0,0.0
42997421911,2025-06-09,2.7689801159267464,0,0.0
42997421911,2025-06-16,3.5682982339404385,0,0.0
42997424093,2025-05-26,3.974457536911936,0,0.0
42997424093,2025-06-02,3.1716305319455103,0,0.0
42997424093,2025-06-09,1.7078239866569025,0,0.0
42997424093,2025-06-16,0.7578029876097323,0,0.0
42997426167,2025-05-26,2.2333016953396143,0,0.0
42997426167,2025-06-02,2.589256108316734,0,0.0
42997426167,2025-06-09,2.898005845071989,0,0.0
42997426167,2025-06-16,3.1225583175086724,0,0.0
42997428553,2025-05-26,3.302524363898536,0,0.0
42997428553,2025-06-02,3.3252584240513974,0,0.0
42997428553,2025-06-09,3.3869063120624996,0,0.0
42997428553,2025-06-16,3.5119650618236786,0,0.0
42997430687,2025-05-26,2.1528177958006984,0,0.0
42997430687,2025-06-02,3.442318573717324,0,0.0
42997430687,2025-06-09,3.8776381175382753,0,0.0
42997430687,2025-06-16,3.289514986878044,0,0.0
43159436683,2025-05-26,0.015233476304613525,0,0.0
43159436683,2025-06-02,0.010884950089198153,0,0.0
43159436683,2025-06-09,0.10049210896091883,0,0.0
43159436683,2025-06-16,0.2291880327368001,0,0.0
43292170418,2025-05-26,0.04338985764783029,0,0.0
43292170418,2025-06-02,0.029054753563559153,0,0.0
43292170418,2025-06-09,0.0204027835089474,0,0.0
43292170418,2025-06-16,0.034100399119163446,0,0.0
43292170792,2025-05-26,0.01458157147479723,0,0.0
43292170792,2025-06-02,0.04503871031224267,0,0.0
43292170792,2025-06-09,0.08532995636977342,0,0.0
43292170792,2025-06-16,0.08579525696864715,0,0.0
43464179063,2025-05-26,0.09560290903211008,0,0.0
43464179063,2025-06-02,0.08697149949340446,0,0.0
43464179063,2025-06-09,0.08615911799596279,0,0.0
43464179063,2025-06-16,0.10109788810689727,0,0.0
43583432373,2025-05-26,0.02158353473090224,0,0.0
43583432373,2025-06-02,0.015654487886319422,0,0.0
43583432373,2025-06-09,0.008362710937357323,0,0.0
43583432373,2025-06-16,0.010782865135624469,0,0.0
43675356591,2025-05-26,0.05088924937964551,0,0.0
43675356591,2025-06-02,0.030589346043435453,0,0.0
43675356591,2025-06-09,0.03408492589413199,0,0.0
43675356591,2025-06-16,0.09251398891382068,0,0.0
43675357153,2025-05-26,0.030041001962579042,0,0.0
43675357153,2025-06-02,0.010411809540617711,0,0.0
43675357153,2025-06-09,-5.4075563956194894e-05,0,0.0
43675357153,2025-06-16,0.016964879876002415,0,0.0
43675357762,2025-05-26,1.066493509623413,0,0.0
43675357762,2025-06-02,1.2810357371797911,0,0.0
43675357762,2025-06-09,1.3753456527193806,0,0.0
43675357762,2025-06-16,1.3049069405285865,0,0.0
43675358311,2025-05-26,0.6708802454935998,0,0.0
43675358311,2025-06-02,0.8332003960347485,0,0.0
43675358311,2025-06-09,0.8125948241725869,0,0.0
43675358311,2025-06-16,0.6800469772202116,0,0.0
43675358612,2025-05-26,0.31455046572993905,0,0.0
43675358612,2025-06-02,0.38188569773990144,0,0.0
43675358612,2025-06-09,0.3989791639183742,0,0.0
43675358612,2025-06-16,0.36532998426670277,0,0.0
43675358930,2025-05-26,0.07131822500874793,0,0.0
43675358930,2025-06-02,0.06008338628932468,0,0.0
43675358930,2025-06-09,0.06456471619687991,0,0.0
43675358930,2025-06-16,0.08118264745175645,0,0.0
43675359537,2025-05-26,0.8769783071368854,0,0.0
43675359537,2025-06-02,1.1760018874013043,0,0.0
43675359537,2025-06-09,1.2650263611299957,0,0.0
43675359537,2025-06-16,1.0891476844618033,0,0.0
43904595253,2025-05-26,0.3606593889065429,0,0.0
43904595253,2025-06-02,0.4622615824406227,0,0.0
43904595253,2025-06-09,0.5238889800771795,0,0.0
43904595253,2025-06-16,0.4835823698918498,0,0.0
43904694832,2025-05-26,0.5403041631296985,0,0.0
43904694832,2025-06-02,0.7394289486547881,0,0.0
43904694832,2025-06-09,0.9583751683773369,0,0.0
43904694832,2025-06-16,0.9348880139405773,0,0.0
43913912032,2025-05-26,0.1309352917814552,0,0.0
43913912032,2025-06-02,0.08818282184913899,0,0.0
43913912032,2025-06-09,0.05995935874709217,0,0.0
43913912032,2025-06-16,0.09413298732811992,0,0.0
43965614940,2025-05-26,0.030384192407282948,0,0.0
43965614940,2025-06-02,0.02449058174092903,0,0.0
43965614940,2025-06-09,0.02170324691538101,0,0.0
43965614940,2025-06-16,0.028121963922345693,0,0.0
43987972199,2025-05-26,1.352822206353192,0,0.0
43987972199,2025-06-02,1.2190691139192666,0,0.0
43987972199,2025-06-09,0.7924777883736416,0,0.0
43987972199,2025-06-16,0.761435144586796,0,0.0
43990125856,2025-05-26,1.4071396950148927,0,0.0
43990125856,2025-06-02,1.8126886781804887,0,0.0
43990125856,2025-06-09,2.083308051424198,0,0.0
43990125856,2025-06-16,1.9686705727605762,0,0.0
43992266349,2025-05-26,0.4415130046910448,0,0.0
43992266349,2025-06-02,0.45406041464946867,0,0.0
43992266349,2025-06-09,0.452680054038776,0,0.0
43992266349,2025-06-16,0.47781871871764237,0,0.0
44126860168,2025-05-26,0.32631170021054734,0,0.0
44126860168,2025-06-02,0.4420002896678617,0,0.0
44126860168,2025-06-09,0.5125044164034921,0,0.0
44126860168,2025-06-16,0.46355446693881025,0,0.0
44183603616,2025-05-26,0.09466915858781852,0,0.0
44183603616,2025-06-02,0.0774001466526196,0,0.0
44183603616,2025-06-09,0.0917798842381092,0,0.0
44183603616,2025-06-16,0.128972122702225,0,0.0
44255064283,2025-05-26,0.0092775799065611,0,0.0
44255064283,2025-06-02,0.00015845808102001036,0,0.0
44255064283,2025-06-09,0.0024373630701380565,0,0.0
44255064283,2025-06-16,0.014782078043640368,0,0.0
44255064557,2025-05-26,0.05960648661218504,0,0.0
44255064557,2025-06-02,0.04105263360558825,0,0.0
44255064557,2025-06-09,0.014014625322013058,0,0.0
44255064557,2025-06-16,0.020066039159816043,0,0.0
44255064844,2025-05-26,0.00995621076415405,0,0.0
44255064844,2025-06-02,0.002407604600425224,0,0.0
44255064844,2025-06-09,0.006015365744564682,0,0.0
44255064844,2025-06-16,0.01721220605786892,0,0.0
44255065129,2025-05-26,0.018919471440828232,0,0.0
44255065129,2025-06-02,0.01341078453954191,0,0.0
44255065129,2025-06-09,0.015122108027054278,0,0.0
44255065129,2025-06-16,0.02343032930500009,0,0.0
44255065493,2025-05-26,-0.008594999944618972,0,0.0
44255065493,2025-06-02,0.030967200123637906,0,0.0
44255065493,2025-06-09,0.13400730206034117,0,0.0
44255065493,2025-06-16,0.16991793924376086,0,0.0
44255065774,2025-05-26,0.011925886111225852,0,0.0
44255065774,2025-06-02,0.02332194078196527,0,0.0
44255065774,2025-06-09,0.029237723794252407,0,0.0
44255065774,2025-06-16,0.02296482083480059,0,0.0
44400044666,2025-05-26,0.7717106749572363,0,0.0
44400044666,2025-06-02,0.8787678268396443,0,0.0
44400044666,2025-06-09,0.8770129146382466,0,0.0
44400044666,2025-06-16,0.8264509602771529,0,0.0
44400044979,2025-05-26,1.0123737064823626,0,0.0
44400044979,2025-06-02,1.1656715116390841,0,0.0
44400044979,2025-06-09,1.1250855965429047,0,0.0
44400044979,2025-06-16,1.0239680634947432,0,0.0
44400045247,2025-05-26,0.6214172348064194,0,0.0
44400045247,2025-06-02,0.9025746762456613,0,0.0
44400045247,2025-06-09,1.140767148187678,0,0.0
44400045247,2025-06-16,1.0784851366949806,0,0.0
44400045545,2025-05-26,0.22821745947217914,0,0.0
44400045545,2025-06-02,0.29592785394634596,0,0.0
44400045545,2025-06-09,0.31218151952006196,0,0.0
44400045545,2025-06-16,0.2735269323846843,0,0.0
44754799164,2025-05-26,0.35223578756119633,0,0.0
44754799164,2025-06-02,0.36379213122634285,0,0.0
44754799164,2025-06-09,0.3688933442979323,0,0.0
44754799164,2025-06-16,0.3857236838074293,0,0.0
44754802163,2025-05-26,0.22461310978444932,0,0.0
44754802163,2025-06-02,0.2165162220374881,0,0.0
44754802163,2025-06-09,0.2508472673207971,0,0.0
44754802163,2025-06-16,0.30115584584058236,0,0.0
44754804524,2025-05-26,0.011074024614708702,0,0.0
44754804524,2025-06-02,0.024161957818874674,0,0.0
44754804524,2025-06-09,0.031630022517113006,0,0.0
44754804524,2025-06-16,0.02510889302791198,0,0.0
44754809351,2025-05-26,0.6772381572366624,0,0.0
44754809351,2025-06-02,0.7321426030444518,0,0.0
44754809351,2025-06-09,0.7507014774816203,0,0.0
44754809351,2025-06-16,0.7561227594158325,0,0.0
44754812989,2025-05-26,1.313453020416968,0,0.0
44754812989,2025-06-02,1.5503510281818385,0,0.0
44754812989,2025-06-09,1.6426907645698003,0,0.0
44754812989,2025-06-16,1.565537134740825,0,0.0
44754818694,2025-05-26,0.0698382598056431,0,0.0
44754818694,2025-06-02,0.099529749089428,0,0.0
44754818694,2025-06-09,0.09922769980317686,0,0.0
44754818694,2025-06-16,0.07060468702513752,0,0.0
44860382637,2025-05-26,0.3690456298418615,0,0.0
44860382637,2025-06-02,0.37268529941275497,0,0.0
44860382637,2025-06-09,0.35317031418684247,0,0.0
44860382637,2025-06-16,0.3608793997751214,0,0.0
44860382932,2025-05-26,0.0234794893318327,0,0.0
44860382932,2025-06-02,0.02902230971779931,0,0.0
44860382932,2025-06-09,0.02302537630361858,0,0.0
44860382932,2025-06-16,0.014538254897957702,0,0.0
44860383567,2025-05-26,0.055694679959247144,0,0.0
44860383567,2025-06-02,0.06804378377426545,0,0.0
44860383567,2025-06-09,0.05770390971579187,0,0.0
44860383567,2025-06-16,0.039550805778552724,0,0.0
44860384161,2025-05-26,0.03612659848059688,0,0.0
44860384161,2025-06-02,0.05549254581910319,0,0.0
44860384161,2025-06-09,0.0854142844323242,0,0.0
44860384161,2025-06-16,0.09052022951463529,0,0.0
44860384494,2025-05-26,0.9408678798138455,0,0.0
44860384494,2025-06-02,1.1440350965065438,0,0.0
44860384494,2025-06-09,1.343968511489191,0,0.0
44860384494,2025-06-16,1.3532611011006133,0,0.0
44860384733,2025-05-26,0.09531189445845907,0,0.0
44860384733,2025-06-02,0.09298149144612718,0,0.0
44860384733,2025-06-09,0.1308258536771352,0,0.0
44860384733,2025-06-16,0.16822469646781635,0,0.0
44860385094,2025-05-26,0.0613733871150484,0,0.0
44860385094,2025-06-02,0.10046621320492935,0,0.0
44860385094,2025-06-09,0.10410550410053843,0,0.0
44860385094,2025-06-16,0.0695406885358245,0,0.0
44860385362,2025-05-26,0.05123439538862669,0,0.0
44860385362,2025-06-02,0.03994393074453119,0,0.0
44860385362,2025-06-09,0.054019209095969065,0,0.0
44860385362,2025-06-16,0.07849276324429655,0,0.0
44860385651,2025-05-26,0.0013629676111378206,0,0.0
44860385651,2025-06-02,0.013825236528608913,0,0.0
44860385651,2025-06-09,0.0201882796986536,0,0.0
44860385651,2025-06-16,0.01096362460703701,0,0.0
44860385918,2025-05-26,0.026608318847525306,0,0.0
44860385918,2025-06-02,0.051312069643997774,0,0.0
44860385918,2025-06-09,0.06474928551253631,0,0.0
44860385918,2025-06-16,0.05190752943189301,0,0.0
44942965112,2025-05-26,0.29930965224417805,0,0.0
44942965112,2025-06-02,0.3193072193742246,0,0.0
44942965112,2025-06-09,0.28149163959222523,0,0.0
44942965112,2025-06-16,0.2592111880330934,0,0.0
45132580164,2025-05-26,0.13056644085033253,0,0.0
45132580164,2025-06-02,0.18989166511267708,0,0.0
45132580164,2025-06-09,0.251483401521414,0,0.0
45132580164,2025-06-16,0.24289415422786514,0,0.0
45132656942,2025-05-26,0.8046726348938671,0,0.0
45132656942,2025-06-02,0.8968718106425159,0,0.0
45132656942,2025-06-09,0.956808927632564,0,0.0
45132656942,2025-06-16,0.9691217235091149,0,0.0
45290923710,2025-05-26,0.25326100198328017,0,0.0
45290923710,2025-06-02,0.22381871166379427,0,0.0
45290923710,2025-06-09,0.20412938911986522,0,0.0
45290923710,2025-06-16,0.23519197104404221,0,0.0
45386498618,2025-05-26,0.02203031690176384,0,0.0
45386498618,2025-06-02,0.025898450299158618,0,0.0
45386498618,2025-06-09,0.053648848412693656,0,0.0
45386498618,2025-06-16,0.07174201997624347,0,0.0
45386576968,2025-05-26,0.015469479749498846,0,0.0
45386576968,2025-06-02,0.032344595219089736,0,0.0
45386576968,2025-06-09,0.06097421718391223,0,0.0
45386576968,2025-06-16,0.06516437642920608,0,0.0
45386581155,2025-05-26,-0.0002805646132126201,0,0.0
45386581155,2025-06-02,0.002317707341125512,0,0.0
45386581155,2025-06-09,0.013563527220212382,0,0.0
45386581155,2025-06-16,0.018746285254088044,0,0.0
45386584131,2025-05-26,0.04375881533150992,0,0.0
45386584131,2025-06-02,0.04263551602708079,0,0.0
45386584131,2025-06-09,0.03780214161993186,0,0.0
45386584131,2025-06-16,0.03815858842491128,0,0.0
45431124522,2025-05-26,0.18301890481113461,0,0.0
45431124522,2025-06-02,0.24152015529941484,0,0.0
45431124522,2025-06-09,0.2668549260749414,0,0.0
45431124522,2025-06-16,0.23839391177435998,0,0.0
45459383935,2025-05-26,0.028442142114327117,0,0.0
45459383935,2025-06-02,0.024608417286820193,0,0.0
45459383935,2025-06-09,0.015375544461314897,0,0.0
45459383935,2025-06-16,0.014485490736080846,0,0.0
45995668920,2025-05-26,0.7635331061732218,0,0.0
45995668920,2025-06-02,0.6419837302718203,0,0.0
45995668920,2025-06-09,0.6905333655148163,0,0.0
45995668920,2025-06-16,0.9114411828760357,0,0.0
46303774477,2025-05-26,0.03435784229629438,0,0.0
46303774477,2025-06-02,0.03298266881453103,0,0.0
46303774477,2025-06-09,0.04455215847791098,0,0.0
46303774477,2025-06-16,0.05684265045081176,0,0.0
46303862950,2025-05-26,0.19753739179755345,0,0.0
46303862950,2025-06-02,0.21024129829212929,0,0.0
46303862950,2025-06-09,0.23594554927389716,0,0.0
46303862950,2025-06-16,0.2542689423939237,0,0.0
46303877432,2025-05-26,0.7451813262115812,0,0.0
46303877432,2025-06-02,0.8792896017740452,0,0.0
46303877432,2025-06-09,0.8348325729192032,0,0.0
46303877432,2025-06-16,0.7199112716120613,0,0.0
46303948414,2025-05-26,0.3608948402293295,0,0.0
46303948414,2025-06-02,0.41875386363037603,0,0.0
46303948414,2025-06-09,0.4815334349258399,0,0.0
46303948414,2025-06-16,0.4939303658303311,0,0.0
46308044959,2025-05-26,0.1908271543954912,0,0.0
46308044959,2025-06-02,0.28960549501477134,0,0.0
46308044959,2025-06-09,0.38165101650558847,0,0.0
46308044959,2025-06-16,0.36066463054456877,0,0.0
46310250952,2025-05-26,0.1749082793463751,0,0.0
46310250952,2025-06-02,0.230115818301571,0,0.0
46310250952,2025-06-09,0.28674940478251915,0,0.0
46310250952,2025-06-16,0.2837766224434871,0,0.0
46310280482,2025-05-26,0.4412154882041639,0,0.0
46310280482,2025-06-02,0.5026654096733988,0,0.0
46310280482,2025-06-09,0.5030531010496014,0,0.0
46310280482,2025-06-16,0.47136541671523685,0,0.0
46310291987,2025-05-26,0.3879168594404923,0,0.0
46310291987,2025-06-02,0.4388836920873848,0,0.0
46310291987,2025-06-09,0.5049107629321874,0,0.0
46310291987,2025-06-16,0.528436629536972,0,0.0
46310334441,2025-05-26,0.4390082070200809,0,0.0
46310334441,2025-06-02,0.5592267030666656,0,0.0
46310334441,2025-06-09,0.5967238830022735,0,0.0
46310334441,2025-06-16,0.5358412994628816,0,0.0
46365131910,2025-05-26,0.5692209373586851,0,0.0
46365131910,2025-06-02,0.6356506380776901,0,0.0
46365131910,2025-06-09,0.717863700005573,0,0.0
46365131910,2025-06-16,0.7496117448159003,0,0.0
46381587960,2025-05-26,0.09053851677892415,0,0.0
46381587960,2025-06-02,0.09415853630061898,0,0.0
46381587960,2025-06-09,0.11265218408542249,0,0.0
46381587960,2025-06-16,0.12724385926339427,0,0.0
46381594945,2025-05-26,0.03146571676397293,0,0.0
46381594945,2025-06-02,0.03605929954855517,0,0.0
46381594945,2025-06-09,0.043043097259555296,0,0.0
46381594945,2025-06-16,0.04560284598645754,0,0.0
46381604933,2025-05-26,0.04172427793432978,0,0.0
46381604933,2025-06-02,0.04871143476677331,0,0.0
46381604933,2025-06-09,0.044334070765465854,0,0.0
46381604933,2025-06-16,0.03669675066312198,0,0.0
46381618435,2025-05-26,0.056884284228654235,0,0.0
46381618435,2025-06-02,0.049216834573640386,0,0.0
46381618435,2025-06-09,0.030751088922629795,0,0.0
46381618435,2025-06-16,0.02897098147216169,0,0.0
46694935963,2025-05-26,0.0898599687330264,0,0.0
46694935963,2025-06-02,0.09352746809964335,0,0.0
46694935963,2025-06-09,0.08427584560479204,0,0.0
46694935963,2025-06-16,0.08048721124589259,0,0.0
46873197417,2025-05-26,0.06218660348149403,0,0.0
46873197417,2025-06-02,0.04175744156251909,0,0.0
46873197417,2025-06-09,0.045685494017281184,0,0.0
46873197417,2025-06-16,0.0728252096633854,0,0.0
46874506460,2025-05-26,0.045980903149349925,0,0.0
46874506460,2025-06-02,0.04505562071232381,0,0.0
46874506460,2025-06-09,0.03984843964675425,0,0.0
46874506460,2025-06-16,0.039663344955796515,0,0.0
46874597940,2025-05-26,0.04333041062214829,0,0.0
46874597940,2025-06-02,0.07484113897270307,0,0.0
46874597940,2025-06-09,0.11411855476884991,0,0.0
46874597940,2025-06-16,0.11456083535289352,0,0.0
47035595969,2025-05-26,0.14457491516328883,0,0.0
47035595969,2025-06-02,0.13463265010195852,0,0.0
47035595969,2025-06-09,0.10563734786896652,0,0.0
47035595969,2025-06-16,0.1035912868642536,0,0.0
47035596434,2025-05-26,0.20481797924786974,0,0.0
47035596434,2025-06-02,0.18193989813358524,0,0.0
47035596434,2025-06-09,0.16942784296827534,0,0.0
47035596434,2025-06-16,0.19521689272344267,0,0.0
47035596938,2025-05-26,0.12499796892615561,0,0.0
47035596938,2025-06-02,0.13328884298116211,0,0.0
47035596938,2025-06-09,0.10804020634932207,0,0.0
47035596938,2025-06-16,0.0899811981498111,0,0.0
47035597416,2025-05-26,0.4466384045166944,0,0.0
47035597416,2025-06-02,0.5022281628394875,0,0.0
47035597416,2025-06-09,0.4994310757826058,0,0.0
47035597416,2025-06-16,0.47428914029508673,0,0.0
47035597915,2025-05-26,0.07186053258573924,0,0.0
47035597915,2025-06-02,0.08844293828579385,0,0.0
47035597915,2025-06-09,0.1000774786003118,0,0.0
47035597915,2025-06-16,0.0969252366103755,0,0.0
47035598475,2025-05-26,0.34572925179932845,0,0.0
47035598475,2025-06-02,0.3253693802631631,0,0.0
47035598475,2025-06-09,0.32989524117608926,0,0.0
47035598475,2025-06-16,0.3760029320740221,0,0.0
47035598960,2025-05-26,0.32722155638530315,0,0.0
47035598960,2025-06-02,0.3142534496151218,0,0.0
47035598960,2025-06-09,0.32572093402212043,0,0.0
47035598960,2025-06-16,0.36881292189287995,0,0.0
47035599495,2025-05-26,0.8816003760744973,0,0.0
47035599495,2025-06-02,0.8250624861553948,0,0.0
47035599495,2025-06-09,0.7686688736683356,0,0.0
47035599495,2025-06-16,0.8431416485528902,0,0.0
47035599949,2025-05-26,1.4075166038890075,0,0.0
47035599949,2025-06-02,1.4865595411365784,0,0.0
47035599949,2025-06-09,1.6693739353661723,0,0.0
47035599949,2025-06-16,1.814698435014741,0,0.0
47035600918,2025-05-26,0.2591561857231217,0,0.0
47035600918,2025-06-02,0.26415064971890256,0,0.0
47035600918,2025-06-09,0.25347483246134306,0,0.0
47035600918,2025-06-16,0.25775127310986173,0,0.0
47035601421,2025-05-26,0.9202197241826183,0,0.0
47035601421,2025-06-02,1.0847306318274212,0,0.0
47035601421,2025-06-09,1.1563663973774716,0,0.0
47035601421,2025-06-16,1.1105237944132411,0,0.0
47035601997,2025-05-26,0.30709051870824533,0,0.0
47035601997,2025-06-02,0.32659841938172485,0,0.0
47035601997,2025-06-09,0.36690359673918377,0,0.0
47035601997,2025-06-16,0.3975665255348092,0,0.0
47556470434,2025-05-26,0.12144826163492464,0,0.0
47556470434,2025-06-02,0.09444416859805474,0,0.0
47556470434,2025-06-09,0.1332263074695636,0,0.0
47556470434,2025-06-16,0.19372706350252844,0,0.0
47787653976,2025-05-26,0.010212982389716393,0,0.0
47787653976,2025-06-02,0.012555704390531441,0,0.0
47787653976,2025-06-09,0.02446566436953708,0,0.0
47787653976,2025-06-16,0.03118638428585634,0,0.0
48441796938,2025-05-26,0.0801197943727205,0,0.0
48441796938,2025-06-02,0.05486773905994756,0,0.0
48441796938,2025-06-09,0.06851087293927541,0,0.0
48441796938,2025-06-16,0.10671727508452415,0,0.0
48444196993,2025-05-26,0.1172857919833213,0,0.0
48444196993,2025-06-02,0.08588174724005754,0,0.0
48444196993,2025-06-09,0.11243735406773177,0,0.0
48444196993,2025-06-16,0.16793155196832887,0,0.0
48444406916,2025-05-26,0.021899867099094063,0,0.0
48444406916,2025-06-02,0.012076571874162938,0,0.0
48444406916,2025-06-09,0.012365333219708258,0,0.0
48444406916,2025-06-16,0.02298508733283428,0,0.0
48465290456,2025-05-26,0.010212982389716393,0,0.0
48465290456,2025-06-02,0.012555704390531441,0,0.0
48465290456,2025-06-09,0.02446566436953708,0,0.0
48465290456,2025-06-16,0.03118638428585634,0,0.0
48468456999,2025-05-26,0.021899867099094063,0,0.0
48468456999,2025-06-02,0.012076571874162938,0,0.0
48468456999,2025-06-09,0.012365333219708258,0,0.0
48468456999,2025-06-16,0.02298508733283428,0,0.0
48468483975,2025-05-26,0.03413844659106776,0,0.0
48468483975,2025-06-02,0.027206245843113507,0,0.0
48468483975,2025-06-09,0.03966088003413116,0,0.0
48468483975,2025-06-16,0.05688148544206898,0,0.0
48468720437,2025-05-26,0.021899867099094063,0,0.0
48468720437,2025-06-02,0.012076571874162938,0,0.0
48468720437,2025-06-09,0.012365333219708258,0,0.0
48468720437,2025-06-16,0.02298508733283428,0,0.0
48609636473,2025-05-26,0.010212982389716393,0,0.0
48609636473,2025-06-02,0.012555704390531441,0,0.0
48609636473,2025-06-09,0.02446566436953708,0,0.0
48609636473,2025-06-16,0.03118638428585634,0,0.0
48609745445,2025-05-26,0.010212982389716393,0,0.0
48609745445,2025-06-02,0.012555704390531441,0,0.0
48609745445,2025-06-09,0.02446566436953708,0,0.0
48609745445,2025-06-16,0.03118638428585634,0,0.0
